order,variant,configuration,train_matrices,test_matrices,context_length,alpha,reset_at_row_boundary,exclude_first_row,exclude_first_column,train_observations,test_observations,contexts_seen,test_unseen_context_rate,train_log_loss,test_log_loss,test_fair_log_loss,test_marginal_log_loss,train_accuracy,test_accuracy,train_mle_log_loss,train_epsilon_max,train_epsilon_avg,test_epsilon_max,test_epsilon_avg,fair_log_loss_constant
16,hadamard,full_row_major,4,1,1,0.5,False,False,False,1020,255,2,0.0,0.6914143684087791,0.6914177796608951,0.6931471805599454,0.6914160792825393,0.5294117647058824,0.5294117647058824,0.6914143616710734,0.03039832285115307,0.02941176470588236,0.02941176470588236,0.02941176470588236,0.6931471805599453
16,hadamard,full_row_major,4,1,2,0.5,False,False,False,1016,254,4,0.0,0.6897096879603354,0.6891251324157858,0.6931471805599454,0.6916274089354789,0.530511811023622,0.5354330708661418,0.6897096304767124,0.0669642857142857,0.03051181102362205,0.0714285714285714,0.035433070866141746,0.6931471805599453
16,hadamard,full_row_major,4,1,3,0.5,False,False,False,1012,253,8,0.0,0.5775809603185014,0.572390569490456,0.6931471805599454,0.6918264734666366,0.733201581027668,0.7391304347826086,0.5775725018986327,0.2721518987341772,0.233201581027668,0.275,0.2391304347826087,0.6931471805599453
16,hadamard,full_row_major,4,1,4,0.5,False,False,False,1008,252,16,0.0,0.4983677270307005,0.4862289036923521,0.6931471805599454,0.6920129659480525,0.7321428571428571,0.7380952380952381,0.49617142756680516,0.5,0.23214285714285715,0.5,0.23809523809523808,0.6931471805599453
16,hadamard,full_row_major,4,1,5,0.5,False,False,False,1004,251,28,0.0,0.36137583195016115,0.3880178937996764,0.6931471805599454,0.6921865716652729,0.852589641434263,0.8207171314741036,0.3569219127555818,0.5,0.35258964143426297,0.5,0.33266932270916333,0.6931471805599453
16,hadamard,full_row_major,4,1,6,0.5,False,False,False,1000,250,46,0.0,0.355950897555683,0.3863334549153785,0.6931471805599454,0.6923469678896418,0.854,0.82,0.34523075476326176,0.5,0.354,0.5,0.332,0.6931471805599453
16,hadamard,full_row_major,4,1,7,0.5,False,False,False,996,249,68,0.0,0.3326649940080825,0.36382836690013237,0.6931471805599454,0.6924938236427938,0.857429718875502,0.8232931726907631,0.3162169030905282,0.5,0.357429718875502,0.5,0.3514056224899598,0.6931471805599453
16,hadamard,full_row_major,4,1,8,0.5,False,False,False,992,248,98,0.004032258064516129,0.3026972980650203,0.36214181963533737,0.6931471805599453,0.6926267994530364,0.876008064516129,0.8387096774193549,0.2722393791623392,0.5,0.37600806451612906,0.5,0.36693548387096775,0.6931471805599453
16,hadamard,reset_at_row_boundary,4,1,1,0.5,True,False,False,960,240,2,0.0,0.6931471805599453,0.6931471805599453,0.6931471805599453,0.6931471805599453,0.5,0.5,0.6931471805599453,0.0,0.0,0.0,0.0,0.6931471805599453
16,hadamard,reset_at_row_boundary,4,1,2,0.5,True,False,False,896,224,4,0.0,0.6911827663259335,0.6906236463692963,0.6931471805599453,0.6931471805599453,0.53125,0.5357142857142857,0.6911827263944625,0.033653846153846145,0.03125,0.038461538461538436,0.0357142857142857,0.6931471805599453
16,hadamard,reset_at_row_boundary,4,1,3,0.5,True,False,False,832,208,8,0.0,0.5379355746198067,0.534317610422158,0.6931471805599453,0.6931471805599453,0.7644230769230769,0.7692307692307693,0.537914967101151,0.3476190476190476,0.2644230769230769,0.34615384615384615,0.2692307692307692,0.6931471805599453
16,hadamard,reset_at_row_boundary,4,1,4,0.5,True,False,False,768,192,16,0.0,0.4907241777438203,0.48104687116579603,0.6931471805599453,0.6931471805599453,0.7447916666666666,0.75,0.4877790327014271,0.5,0.24479166666666666,0.5,0.25,0.6931471805599453
16,hadamard,reset_at_row_boundary,4,1,5,0.5,True,False,False,704,176,28,0.0,0.28867718260655634,0.37046361629738556,0.6931471805599453,0.6931471805599453,0.8892045454545454,0.8409090909090909,0.28099042475677044,0.5,0.38920454545454547,0.5,0.3522727272727273,0.6931471805599453
16,hadamard,reset_at_row_boundary,4,1,6,0.5,True,False,False,640,160,44,0.0,0.30837674896250294,0.4048282556269898,0.6931471805599453,0.6931471805599453,0.8796875,0.825,0.2910847727573304,0.5,0.3796875,0.5,0.3375,0.6931471805599453
16,hadamard,reset_at_row_boundary,4,1,7,0.5,True,False,False,576,144,62,0.0,0.30350978645778315,0.34477262189023905,0.6931471805599453,0.6931471805599453,0.8732638888888888,0.8541666666666666,0.2760457929011962,0.5,0.3732638888888889,0.5,0.3888888888888889,0.6931471805599453
16,hadamard,reset_at_row_boundary,4,1,8,0.5,True,False,False,512,128,85,0.015625,0.31746716672933706,0.3716014735499085,0.6931471805599453,0.6931471805599453,0.869140625,0.8515625,0.26907321514922083,0.5,0.369140625,0.5,0.390625,0.6931471805599453
16,permuted_hadamard,full_row_major,4,1,1,0.5,False,False,False,1020,255,2,0.0,0.6914160842951903,0.6914161412891425,0.6931471805599454,0.6914160792825395,0.5294117647058824,0.5294117647058824,0.6914160776171183,0.02941176470588236,0.02941176470588236,0.033333333333333326,0.02941176470588234,0.6931471805599453
16,permuted_hadamard,full_row_major,4,1,2,0.5,False,False,False,1016,254,4,0.0,0.6911097802123736,0.686569545824579,0.6931471805599454,0.6916274089354789,0.5275590551181102,0.5275590551181102,0.6911097451360767,0.05203619909502266,0.027559055118110246,0.1428571428571429,0.08661417322834647,0.6931471805599453
16,permuted_hadamard,full_row_major,4,1,3,0.5,False,False,False,1012,253,8,0.0,0.6812231156462677,0.6897857458453742,0.6931471805599454,0.6918264734666366,0.5632411067193676,0.5533596837944664,0.6812223789247331,0.1298701298701299,0.06324110671936758,0.19444444444444442,0.10474308300395258,0.6931471805599453
16,permuted_hadamard,full_row_major,4,1,4,0.5,False,False,False,1008,252,16,0.0,0.669881544848734,0.6882525554489909,0.6931471805599454,0.6920129659480525,0.5783730158730159,0.5714285714285714,0.6698759956428613,0.22164948453608246,0.07837301587301587,0.3888888888888889,0.1388888888888889,0.6931471805599453
16,permuted_hadamard,full_row_major,4,1,5,0.5,False,False,False,1004,251,32,0.0,0.6506771923505119,0.6958076697285807,0.6931471805599454,0.6921865716652729,0.6095617529880478,0.545816733067729,0.6506335900978759,0.3142857142857143,0.10956175298804781,0.5,0.15338645418326693,0.6931471805599453
16,permuted_hadamard,full_row_major,4,1,6,0.5,False,False,False,1000,250,64,0.0,0.626353294209164,0.703581288825034,0.6931471805599454,0.6923469678896418,0.639,0.508,0.625554190583855,0.5,0.139,0.5,0.204,0.6931471805599453
16,permuted_hadamard,full_row_major,4,1,7,0.5,False,False,False,996,249,127,0.0,0.5944265683237128,0.723309475014543,0.6931471805599454,0.6924938236427938,0.6666666666666666,0.5662650602409639,0.5882251175607415,0.5,0.16666666666666666,0.5,0.26305220883534136,0.6931471805599453
16,permuted_hadamard,full_row_major,4,1,8,0.5,False,False,False,992,248,241,0.024193548387096774,0.5334967880859446,0.748103906732238,0.6931471805599453,0.6926267994530365,0.7217741935483871,0.5806451612903226,0.5051870768787573,0.5,0.2217741935483871,0.5,0.3387096774193548,0.6931471805599453
16,permuted_hadamard,reset_at_row_boundary,4,1,1,0.5,True,False,False,960,240,2,0.0,0.6931471805599453,0.6931471805599453,0.6931471805599453,0.6931471805599453,0.5,0.5,0.6931471805599453,0.0,0.0,0.0,0.0,0.6931471805599453
16,permuted_hadamard,reset_at_row_boundary,4,1,2,0.5,True,False,False,896,224,4,0.0,0.6921452567814528,0.6845621305753412,0.6931471805599453,0.6931471805599453,0.5223214285714286,0.6071428571428571,0.6921452364488607,0.024038461538461564,0.022321428571428586,0.11538461538461542,0.10714285714285714,0.6931471805599453
16,permuted_hadamard,reset_at_row_boundary,4,1,3,0.5,True,False,False,832,208,8,0.0,0.6812474967224955,0.6860854613819201,0.6931471805599453,0.6931471805599453,0.5637019230769231,0.5432692307692307,0.6812463738542,0.13478260869565217,0.06370192307692307,0.2391304347826087,0.11538461538461539,0.6931471805599453
16,permuted_hadamard,reset_at_row_boundary,4,1,4,0.5,True,False,False,768,192,16,0.0,0.6572799833222679,0.6813704261807881,0.6931471805599453,0.6931471805599453,0.5989583333333334,0.5260416666666666,0.6572638236049375,0.303030303030303,0.09895833333333333,0.5,0.15625,0.6931471805599453
16,permuted_hadamard,reset_at_row_boundary,4,1,5,0.5,True,False,False,704,176,32,0.0,0.6301609645081278,0.6701024895569859,0.6931471805599453,0.6931471805599453,0.6292613636363636,0.5738636363636364,0.6300133470527179,0.4387755102040817,0.12926136363636365,0.5,0.16477272727272727,0.6931471805599453
16,permuted_hadamard,reset_at_row_boundary,4,1,6,0.5,True,False,False,640,160,64,0.0,0.6055572498739193,0.6473078593022892,0.6931471805599453,0.6931471805599453,0.6609375,0.5625,0.6040380592551859,0.5,0.1609375,0.5,0.25,0.6931471805599453
16,permuted_hadamard,reset_at_row_boundary,4,1,7,0.5,True,False,False,576,144,126,0.0,0.5307420586132844,0.7274778466023331,0.6931471805599453,0.6931471805599453,0.7170138888888888,0.5902777777777778,0.5061999973526693,0.5,0.2170138888888889,0.5,0.3472222222222222,0.6931471805599453
16,permuted_hadamard,reset_at_row_boundary,4,1,8,0.5,True,False,False,512,128,206,0.1484375,0.45638756706004235,0.7159069085265016,0.6931471805599453,0.6931471805599453,0.775390625,0.609375,0.3863198298913269,0.5,0.275390625,0.5,0.421875,0.6931471805599453
16,balanced_rows,full_row_major,4,1,1,0.5,False,False,False,1020,255,2,0.0,0.6911317198407918,0.6943233510920874,0.6931471805599454,0.6914160792825395,0.5294117647058824,0.5294117647058824,0.6911317127174966,0.040590405904059046,0.029411764705882377,0.08823529411764708,0.05294117647058823,0.6931471805599453
16,balanced_rows,full_row_major,4,1,2,0.5,False,False,False,1016,254,4,0.0,0.6909577957768148,0.6967758060812435,0.6931471805599454,0.6916274089354789,0.5285433070866141,0.46062992125984253,0.6909577640282418,0.0460750853242321,0.02854330708661419,0.11971830985915488,0.055118110236220444,0.6931471805599453
16,balanced_rows,full_row_major,4,1,3,0.5,False,False,False,1012,253,8,0.0,0.685991860999133,0.6799484474319498,0.6931471805599454,0.6918264734666366,0.5464426877470355,0.5770750988142292,0.685991498013226,0.11875000000000002,0.046442687747035576,0.24285714285714288,0.10869565217391304,0.6931471805599453
16,balanced_rows,full_row_major,4,1,4,0.5,False,False,False,1008,252,16,0.0,0.6739074046997326,0.6902141514540376,0.6931471805599454,0.6920129659480525,0.5793650793650794,0.503968253968254,0.6739031320436112,0.20707070707070707,0.07936507936507937,0.2692307692307693,0.1349206349206349,0.6931471805599453
16,balanced_rows,full_row_major,4,1,5,0.5,False,False,False,1004,251,32,0.0,0.6592695703343479,0.6864486253396969,0.6931471805599454,0.6921865716652729,0.598605577689243,0.5298804780876494,0.6592396060163884,0.3142857142857143,0.09860557768924302,0.5,0.15737051792828685,0.6931471805599453
16,balanced_rows,full_row_major,4,1,6,0.5,False,False,False,1000,250,64,0.0,0.6388417016494243,0.6799813531315041,0.6931471805599454,0.6923469678896418,0.624,0.552,0.6386502612320103,0.3771929824561403,0.124,0.5,0.208,0.6931471805599453
16,balanced_rows,full_row_major,4,1,7,0.5,False,False,False,996,249,128,0.0,0.6149627044455533,0.7024264129342094,0.6931471805599454,0.6924938236427938,0.6596385542168675,0.5542168674698795,0.6129605565756436,0.5,0.15963855421686746,0.5,0.26305220883534136,0.6931471805599453
16,balanced_rows,full_row_major,4,1,8,0.5,False,False,False,992,248,254,0.0,0.547646116264112,0.7676659948497583,0.6931471805599453,0.6926267994530365,0.7127016129032258,0.5241935483870968,0.5214059202277954,0.5,0.2127016129032258,0.5,0.31451612903225806,0.6931471805599453
16,balanced_rows,reset_at_row_boundary,4,1,1,0.5,True,False,False,960,240,2,0.0,0.6928334231220693,0.6965911990876253,0.6931471805599453,0.6931471805599453,0.5125,0.4375,0.6928334217385945,0.013333333333333308,0.012499999999999966,0.0663716814159292,0.0625,0.6931471805599453
16,balanced_rows,reset_at_row_boundary,4,1,2,0.5,True,False,False,896,224,4,0.0,0.6914046710553479,0.6969188489333683,0.6931471805599453,0.6932292968918742,0.5256696428571429,0.48660714285714285,0.6914046389741634,0.042857142857142816,0.02566964285714285,0.09701492537313428,0.049107142857142835,0.6931471805599453
16,balanced_rows,reset_at_row_boundary,4,1,3,0.5,True,False,False,832,208,8,0.0,0.681156605506462,0.6765990264089354,0.6931471805599453,0.6935655523872021,0.5637019230769231,0.5673076923076923,0.6811555796791642,0.14516129032258063,0.06370192307692307,0.21999999999999997,0.1201923076923077,0.6931471805599453
16,balanced_rows,reset_at_row_boundary,4,1,4,0.5,True,False,False,768,192,16,0.0,0.6603683101895313,0.6786969290776234,0.6931471805599453,0.6931471805599453,0.5950520833333334,0.546875,0.6603549583137497,0.2866666666666666,0.09505208333333333,0.31818181818181823,0.13541666666666666,0.6931471805599453
16,balanced_rows,reset_at_row_boundary,4,1,5,0.5,True,False,False,704,176,32,0.0,0.6339518811861823,0.6662095179995915,0.6931471805599453,0.693570253889357,0.6193181818181818,0.5340909090909091,0.633810057150506,0.38888888888888884,0.11931818181818182,0.5,0.19318181818181818,0.6931471805599453
16,balanced_rows,reset_at_row_boundary,4,1,6,0.5,True,False,False,640,160,64,0.0,0.5978980409393346,0.6414748891056088,0.6931471805599453,0.6933079988813704,0.6640625,0.55,0.5963247805709783,0.5,0.1640625,0.5,0.2625,0.6931471805599453
16,balanced_rows,reset_at_row_boundary,4,1,7,0.5,True,False,False,576,144,125,0.0,0.5393331571691492,0.6772193857683416,0.6931471805599453,0.6928581478735967,0.7083333333333334,0.5972222222222222,0.5189452196913247,0.5,0.20833333333333334,0.5,0.3541666666666667,0.6931471805599453
16,balanced_rows,reset_at_row_boundary,4,1,8,0.5,True,False,False,512,128,212,0.0859375,0.43493616807895247,0.814670796612708,0.6931471805599453,0.6931463092082377,0.791015625,0.5078125,0.3579637255525996,0.5,0.291015625,0.5,0.4140625,0.6931471805599453
16,iid_normalized,full_row_major,4,1,1,0.5,False,False,False,1020,255,2,0.0,0.6801970638188458,0.6889311380065967,0.6931471805599454,0.6793688472649213,0.5686274509803921,0.5843137254901961,0.6801970237401486,0.10445205479452058,0.06862745098039219,0.12857142857142856,0.08431372549019608,0.6931471805599453
16,iid_normalized,full_row_major,4,1,2,0.5,False,False,False,1016,254,4,0.0,0.6798410245101426,0.6910329695844855,0.6931471805599454,0.679923980746081,0.5669291338582677,0.5826771653543307,0.6798408812527419,0.12322946175637395,0.06692913385826772,0.1515151515151515,0.0826771653543307,0.6931471805599453
16,iid_normalized,full_row_major,4,1,3,0.5,False,False,False,1012,253,8,0.0,0.6772277337979951,0.6912949132554276,0.6931471805599454,0.6804723765101267,0.5780632411067194,0.5296442687747036,0.6772270206592288,0.15000000000000002,0.07806324110671936,0.1875,0.08893280632411066,0.6931471805599453
16,iid_normalized,full_row_major,4,1,4,0.5,False,False,False,1008,252,16,0.0,0.6725769851281237,0.6876682644335804,0.6931471805599454,0.6810138341008032,0.5763888888888888,0.5277777777777778,0.6725735164211157,0.20629370629370625,0.07638888888888888,0.30000000000000004,0.12698412698412698,0.6931471805599453
16,iid_normalized,full_row_major,4,1,5,0.5,False,False,False,1004,251,32,0.0,0.6669677110786282,0.6874965154910192,0.6931471805599454,0.6815481478621414,0.5916334661354582,0.50199203187251,0.6669462544946282,0.24257425742574257,0.09163346613545817,0.5,0.16135458167330677,0.6931471805599453
16,iid_normalized,full_row_major,4,1,6,0.5,False,False,False,1000,250,64,0.0,0.6488405621668187,0.7035845623043145,0.6931471805599454,0.6820751067886618,0.623,0.528,0.6486151333282496,0.33333333333333337,0.123,0.5,0.2,0.6931471805599453
16,iid_normalized,full_row_major,4,1,7,0.5,False,False,False,996,249,128,0.0,0.6120090250792605,0.7020584542698004,0.6931471805599454,0.6825944943706272,0.6576305220883534,0.5582329317269076,0.6080787812652407,0.5,0.1576305220883534,0.5,0.26305220883534136,0.6931471805599453
16,iid_normalized,full_row_major,4,1,8,0.5,False,False,False,992,248,249,0.008064516129032258,0.5528773647473548,0.7651523666421732,0.6931471805599453,0.6831060884341575,0.7046370967741935,0.5241935483870968,0.5278773071954316,0.5,0.20463709677419356,0.5,0.33064516129032256,0.6931471805599453
16,iid_normalized,reset_at_row_boundary,4,1,1,0.5,True,False,False,960,240,2,0.0,0.6857009527705656,0.6964216884293629,0.6931471805599453,0.6868896080984007,0.55,0.4791666666666667,0.6857009275015516,0.07999999999999996,0.04999999999999998,0.09793814432989689,0.05833333333333332,0.6931471805599453
16,iid_normalized,reset_at_row_boundary,4,1,2,0.5,True,False,False,896,224,4,0.0,0.6859155109719587,0.6986435594496756,0.6931471805599453,0.6878439475558079,0.5412946428571429,0.48214285714285715,0.6859154252461328,0.10200668896321075,0.04129464285714289,0.13492063492063489,0.05803571428571428,0.6931471805599453
16,iid_normalized,reset_at_row_boundary,4,1,3,0.5,True,False,False,832,208,8,0.0,0.6813919841262049,0.6953408249872066,0.6931471805599453,0.6878871659663509,0.5528846153846154,0.5384615384615384,0.6813914514072005,0.15680473372781067,0.052884615384615405,0.16666666666666663,0.10096153846153846,0.6931471805599453
16,iid_normalized,reset_at_row_boundary,4,1,4,0.5,True,False,False,768,192,16,0.0,0.6695802735572146,0.6859042459963498,0.6931471805599453,0.6872419190514883,0.5729166666666666,0.4947916666666667,0.6695755765440766,0.2623762376237624,0.07291666666666667,0.25,0.140625,0.6931471805599453
16,iid_normalized,reset_at_row_boundary,4,1,5,0.5,True,False,False,704,176,32,0.0,0.6622294622856195,0.6825883257513795,0.6931471805599453,0.6888248289258141,0.5965909090909091,0.5284090909090909,0.6621863124487315,0.27464788732394363,0.09659090909090909,0.5,0.18181818181818182,0.6931471805599453
16,iid_normalized,reset_at_row_boundary,4,1,6,0.5,True,False,False,640,160,64,0.0,0.6284678765997898,0.6779447560611835,0.6931471805599453,0.6898073988579945,0.6390625,0.55625,0.627855707150171,0.33999999999999997,0.1390625,0.5,0.225,0.6931471805599453
16,iid_normalized,reset_at_row_boundary,4,1,7,0.5,True,False,False,576,144,128,0.0,0.5483517258434324,0.6697317634774211,0.6931471805599453,0.6917008420111384,0.7048611111111112,0.5833333333333334,0.5287597875468486,0.5,0.2048611111111111,0.5,0.3333333333333333,0.6931471805599453
16,iid_normalized,reset_at_row_boundary,4,1,8,0.5,True,False,False,512,128,219,0.0546875,0.4367326085915774,0.734187641990871,0.6931471805599453,0.6893741639033388,0.791015625,0.5625,0.35460085119236584,0.5,0.291015625,0.5,0.390625,0.6931471805599453
20,hadamard,full_row_major,2,1,1,0.5,False,False,False,798,399,2,0.0,0.6920129719536233,0.6920129719536233,0.6931471805599453,0.6920129666118825,0.5238095238095238,0.5238095238095238,0.6920129648318738,0.023809523809523836,0.023809523809523836,0.023809523809523836,0.023809523809523836,0.6931471805599453
20,hadamard,full_row_major,2,1,2,0.5,False,False,False,796,398,4,0.0,0.6884392101027693,0.6893017392294625,0.6931471805599452,0.6921241318013573,0.542713567839196,0.5376884422110553,0.6884390862278442,0.07222222222222219,0.04271356783919598,0.06666666666666665,0.037688442211055266,0.6931471805599453
20,hadamard,full_row_major,2,1,3,0.5,False,False,False,794,397,8,0.0,0.6602831810998762,0.6534911411748626,0.6931471805599453,0.6922300758018681,0.6183879093198993,0.6297229219143576,0.6602800104566715,0.18292682926829273,0.11838790931989925,0.20833333333333331,0.13224181360201512,0.6931471805599453
20,hadamard,full_row_major,2,1,4,0.5,False,False,False,792,396,16,0.0,0.6523572240412302,0.6461202262252469,0.6931471805599452,0.6923307163900848,0.6174242424242424,0.6287878787878788,0.6523352883610071,0.2435897435897436,0.11742424242424243,0.3421052631578947,0.13131313131313133,0.6931471805599453
20,hadamard,full_row_major,2,1,5,0.5,False,False,False,790,395,32,0.0,0.6266362379421464,0.6276104748164745,0.6931471805599453,0.6924259700200851,0.649367088607595,0.6531645569620254,0.6264868854178578,0.319672131147541,0.14936708860759493,0.38888888888888884,0.16075949367088607,0.6931471805599453
20,hadamard,full_row_major,2,1,6,0.5,False,False,False,788,394,64,0.0,0.5446215397431086,0.5733047227531853,0.6931471805599452,0.6925157517988124,0.7106598984771574,0.6903553299492385,0.5389934872405335,0.5,0.21065989847715735,0.5,0.2182741116751269,0.6931471805599453
20,hadamard,full_row_major,2,1,7,0.5,False,False,False,786,393,119,0.002544529262086514,0.5026926755243831,0.5513555506099196,0.6931471805599453,0.6925999754609979,0.7404580152671756,0.7022900763358778,0.48554225220894154,0.5,0.24045801526717558,0.5,0.2480916030534351,0.6931471805599453
20,hadamard,full_row_major,2,1,8,0.5,False,False,False,784,392,206,0.007653061224489796,0.44378840866059954,0.5056038704376397,0.6931471805599452,0.6926785533435383,0.7844387755102041,0.7270408163265306,0.3961740265170548,0.5,0.2844387755102041,0.5,0.336734693877551,0.6931471805599453
20,hadamard,reset_at_row_boundary,2,1,1,0.5,True,False,False,760,380,2,0.0,0.6931471805599454,0.6931471805599454,0.6931471805599454,0.6931471805599454,0.5,0.5,0.6931471805599454,0.0,0.0,0.0,0.0,0.6931471805599453
20,hadamard,reset_at_row_boundary,2,1,2,0.5,True,False,False,720,360,4,0.0,0.6891791392443191,0.6901669623534225,0.6931471805599453,0.6931471805599453,0.5444444444444444,0.5388888888888889,0.6891790154234698,0.04705882352941182,0.04444444444444447,0.041176470588235314,0.03888888888888888,0.6931471805599453
20,hadamard,reset_at_row_boundary,2,1,3,0.5,True,False,False,680,340,8,0.0,0.6468524169768507,0.6429381726967461,0.6931471805599453,0.6931471805599453,0.6352941176470588,0.6470588235294118,0.6468454093049028,0.22164948453608246,0.13529411764705881,0.23809523809523808,0.14705882352941177,0.6931471805599453
20,hadamard,reset_at_row_boundary,2,1,4,0.5,True,False,False,640,320,16,0.0,0.6424432738298386,0.64178851256165,0.6931471805599453,0.6931471805599453,0.6265625,0.634375,0.6423843338561916,0.3,0.1265625,0.35714285714285715,0.13750000000000004,0.6931471805599453
20,hadamard,reset_at_row_boundary,2,1,5,0.5,True,False,False,600,300,32,0.0,0.6042229925620805,0.6066462120151593,0.6931471805599453,0.6931471805599453,0.67,0.6566666666666666,0.6031456659696997,0.5,0.17,0.5,0.18333333333333332,0.6931471805599453
20,hadamard,reset_at_row_boundary,2,1,6,0.5,True,False,False,560,280,63,0.0,0.5418015215707058,0.579933674369411,0.6931471805599454,0.6931471805599454,0.7142857142857143,0.6785714285714286,0.5322348893438421,0.5,0.21428571428571427,0.5,0.23214285714285715,0.6931471805599453
20,hadamard,reset_at_row_boundary,2,1,7,0.5,True,False,False,520,260,113,0.007692307692307693,0.4633712595338756,0.5263662519718572,0.6931471805599453,0.6931471805599453,0.775,0.7230769230769231,0.4291222784683633,0.5,0.275,0.5,0.3038461538461538,0.6931471805599453
20,hadamard,reset_at_row_boundary,2,1,8,0.5,True,False,False,480,240,176,0.029166666666666667,0.3894342413067324,0.47579878160098804,0.6931471805599453,0.6931471805599453,0.8270833333333333,0.7583333333333333,0.30550691848989886,0.5,0.32708333333333334,0.5,0.37083333333333335,0.6931471805599453
20,permuted_hadamard,full_row_major,2,1,1,0.5,False,False,False,798,399,2,0.0,0.6920015253246258,0.6920015253246258,0.6931471805599453,0.6920129666118825,0.5238095238095238,0.5238095238095238,0.6920015179970403,0.02631578947368418,0.023809523809523767,0.02631578947368418,0.023809523809523767,0.6931471805599453
20,permuted_hadamard,full_row_major,2,1,2,0.5,False,False,False,796,398,4,0.0,0.6912825882714874,0.6902885385603804,0.6931471805599452,0.6921241318013573,0.5226130653266332,0.5226130653266332,0.6912825351756597,0.05555555555555558,0.022613065326633142,0.06666666666666665,0.035175879396984924,0.6931471805599453
20,permuted_hadamard,full_row_major,2,1,3,0.5,False,False,False,794,397,8,0.0,0.6871369228760051,0.6872961832785025,0.6931471805599453,0.6922300758018681,0.552896725440806,0.5491183879093199,0.6871363446548863,0.08260869565217388,0.05289672544080604,0.1166666666666667,0.05919395465994964,0.6931471805599453
20,permuted_hadamard,full_row_major,2,1,4,0.5,False,False,False,792,396,16,0.0,0.6801771100917585,0.6937923722745248,0.6931471805599452,0.6923307163900848,0.5669191919191919,0.5252525252525253,0.6801720554414722,0.14179104477611937,0.06691919191919192,0.25,0.06565656565656565,0.6931471805599453
20,permuted_hadamard,full_row_major,2,1,5,0.5,False,False,False,790,395,32,0.0,0.6571262462417742,0.70192177663007,0.6931471805599453,0.6924259700200851,0.6063291139240506,0.5443037974683544,0.6570641648011818,0.313953488372093,0.10632911392405063,0.29166666666666663,0.12531645569620253,0.6931471805599453
20,permuted_hadamard,full_row_major,2,1,6,0.5,False,False,False,788,394,64,0.0,0.6194456609770052,0.7348037268942166,0.6931471805599452,0.6925157517988124,0.6459390862944162,0.565989847715736,0.6182861108899126,0.5,0.14593908629441624,0.5,0.1548223350253807,0.6931471805599453
20,permuted_hadamard,full_row_major,2,1,7,0.5,False,False,False,786,393,127,0.010178117048346057,0.572815698483123,0.7531245560057696,0.6931471805599453,0.6925999754609979,0.6844783715012722,0.5241730279898219,0.5615466857212217,0.5,0.18447837150127228,0.5,0.22519083969465647,0.6931471805599453
20,permuted_hadamard,full_row_major,2,1,8,0.5,False,False,False,784,392,234,0.07908163265306123,0.5029330836146095,0.7593443163917356,0.6931471805599452,0.6926785533435383,0.7410714285714286,0.5357142857142857,0.45852514210370077,0.5,0.24107142857142858,0.5,0.30357142857142855,0.6931471805599453
20,permuted_hadamard,reset_at_row_boundary,2,1,1,0.5,True,False,False,760,380,2,0.0,0.6931471805599454,0.6931471805599454,0.6931471805599454,0.6931471805599454,0.5,0.5,0.6931471805599454,0.0,0.0,0.0,0.0,0.6931471805599453
20,permuted_hadamard,reset_at_row_boundary,2,1,2,0.5,True,False,False,720,360,4,0.0,0.6915984313982749,0.6903656506034158,0.6931471805599453,0.6931471805599453,0.5277777777777778,0.5388888888888889,0.691598383269082,0.02941176470588236,0.027777777777777776,0.041176470588235314,0.03888888888888888,0.6931471805599453
20,permuted_hadamard,reset_at_row_boundary,2,1,3,0.5,True,False,False,680,340,8,0.0,0.685494649597807,0.6883781857317831,0.6931471805599453,0.6931471805599453,0.5529411764705883,0.5411764705882353,0.6854936457403047,0.1063829787234043,0.05294117647058823,0.1097560975609756,0.052941176470588235,0.6931471805599453
20,permuted_hadamard,reset_at_row_boundary,2,1,4,0.5,True,False,False,640,320,16,0.0,0.6755146043707121,0.696545364815808,0.6931471805599453,0.6931471805599453,0.5734375,0.515625,0.6755040818698075,0.18518518518518523,0.07343750000000002,0.23333333333333328,0.075,0.6931471805599453
20,permuted_hadamard,reset_at_row_boundary,2,1,5,0.5,True,False,False,600,300,32,0.0,0.6239072123973954,0.6879031685610759,0.6931471805599453,0.6931471805599453,0.64,0.5533333333333333,0.6236553960016331,0.41428571428571426,0.14,0.38235294117647056,0.15666666666666668,0.6931471805599453
20,permuted_hadamard,reset_at_row_boundary,2,1,6,0.5,True,False,False,560,280,64,0.0,0.5732684200485382,0.6896033148045699,0.6931471805599454,0.6931471805599454,0.6946428571428571,0.5785714285714286,0.5696209855054772,0.5,0.19464285714285715,0.5,0.225,0.6931471805599453
20,permuted_hadamard,reset_at_row_boundary,2,1,7,0.5,True,False,False,520,260,125,0.015384615384615385,0.5026156202647492,0.7066962884239184,0.6931471805599453,0.6931471805599453,0.7480769230769231,0.5769230769230769,0.47121402654974115,0.5,0.24807692307692308,0.5,0.3,0.6931471805599453
20,permuted_hadamard,reset_at_row_boundary,2,1,8,0.5,True,False,False,480,240,201,0.12916666666666668,0.4207364528372032,0.7105542557119657,0.6931471805599453,0.6931471805599453,0.8083333333333333,0.5833333333333334,0.33373114317436336,0.5,0.30833333333333335,0.5,0.3625,0.6931471805599453
20,balanced_rows,full_row_major,2,1,1,0.5,False,False,False,798,399,2,0.0,0.6918957596056685,0.6922027856832037,0.6931471805599453,0.6920129666118826,0.5238095238095238,0.5238095238095238,0.6918957521742479,0.031100478468899517,0.023809523809523832,0.02631578947368418,0.023809523809523767,0.6931471805599453
20,balanced_rows,full_row_major,2,1,2,0.5,False,False,False,796,398,4,0.0,0.6905172253092129,0.6935006199249456,0.6931471805599452,0.6921241318013573,0.5276381909547738,0.5,0.6905171649107963,0.05909090909090908,0.02763819095477386,0.040000000000000036,0.022613065326633184,0.6931471805599453
20,balanced_rows,full_row_major,2,1,3,0.5,False,False,False,794,397,8,0.0,0.6852608361990775,0.6945236330885026,0.6931471805599453,0.6922300758018681,0.5478589420654912,0.5113350125944585,0.6852601068511396,0.09836065573770492,0.047858942065491177,0.12745098039215685,0.04911838790931989,0.6931471805599453
20,balanced_rows,full_row_major,2,1,4,0.5,False,False,False,792,396,16,0.0,0.6731413418312919,0.6877160331080593,0.6931471805599452,0.6923307163900848,0.5732323232323232,0.5227272727272727,0.6731347537668475,0.23972602739726023,0.07323232323232323,0.20967741935483875,0.09090909090909091,0.6931471805599453
20,balanced_rows,full_row_major,2,1,5,0.5,False,False,False,790,395,32,0.0,0.6606596217259028,0.6761134082327075,0.6931471805599453,0.6924259700200851,0.5822784810126582,0.5468354430379747,0.6605967544597684,0.32352941176470584,0.08227848101265822,0.4285714285714286,0.1379746835443038,0.6931471805599453
20,balanced_rows,full_row_major,2,1,6,0.5,False,False,False,788,394,64,0.0,0.6291531177423288,0.7064149132548309,0.6931471805599452,0.6925157517988124,0.6345177664974619,0.5101522842639594,0.6286387627225697,0.4,0.13451776649746192,0.5,0.1700507614213198,0.6931471805599453
20,balanced_rows,full_row_major,2,1,7,0.5,False,False,False,786,393,128,0.0,0.5859695404068839,0.7407880334817294,0.6931471805599453,0.6925999754609978,0.6844783715012722,0.544529262086514,0.5786406947375372,0.5,0.18447837150127228,0.5,0.2430025445292621,0.6931471805599453
20,balanced_rows,full_row_major,2,1,8,0.5,False,False,False,784,392,244,0.02806122448979592,0.501002648627983,0.8287370249468472,0.6931471805599452,0.6926785533435383,0.7410714285714286,0.5025510204081632,0.45594944108373636,0.5,0.24107142857142858,0.5,0.30612244897959184,0.6931471805599453
20,balanced_rows,reset_at_row_boundary,2,1,1,0.5,True,False,False,760,380,2,0.0,0.6930604399409206,0.6935104202061473,0.6931471805599454,0.6931471805599454,0.506578947368421,0.48947368421052634,0.6930604393373043,0.00688705234159781,0.006578947368421047,0.010869565217391353,0.010526315789473712,0.6931471805599453
20,balanced_rows,reset_at_row_boundary,2,1,2,0.5,True,False,False,720,360,4,0.0,0.6905380925117238,0.6959861820794682,0.6931471805599453,0.6931470963234332,0.5319444444444444,0.49444444444444446,0.6905380153830655,0.05913978494623651,0.03194444444444443,0.030612244897959218,0.016666666666666673,0.6931471805599453
20,balanced_rows,reset_at_row_boundary,2,1,3,0.5,True,False,False,680,340,8,0.0,0.6840701685314896,0.6991711853204243,0.6931471805599453,0.6931687688271031,0.5544117647058824,0.5029411764705882,0.6840690210781417,0.11855670103092786,0.054411764705882354,0.06818181818181823,0.029411764705882363,0.6931471805599453
20,balanced_rows,reset_at_row_boundary,2,1,4,0.5,True,False,False,640,320,16,0.0,0.6663980784270656,0.6715220856523454,0.6931471805599453,0.6931470608859825,0.5765625,0.5375,0.6663827545531664,0.2894736842105263,0.0765625,0.4,0.090625,0.6931471805599453
20,balanced_rows,reset_at_row_boundary,2,1,5,0.5,True,False,False,600,300,32,0.0,0.642108376481718,0.6580297453830739,0.6931471805599453,0.6934185712778457,0.615,0.5733333333333334,0.6419602483697054,0.36046511627906974,0.115,0.5,0.16666666666666666,0.6931471805599453
20,balanced_rows,reset_at_row_boundary,2,1,6,0.5,True,False,False,560,280,64,0.0,0.6032234158152495,0.6972710855941183,0.6931471805599454,0.6936369546100307,0.6642857142857143,0.5642857142857143,0.6006936276780641,0.5,0.16428571428571428,0.5,0.225,0.6931471805599453
20,balanced_rows,reset_at_row_boundary,2,1,7,0.5,True,False,False,520,260,126,0.015384615384615385,0.529895542362164,0.7595576392641971,0.6931471805599453,0.6940915732306884,0.7230769230769231,0.5307692307692308,0.505643585236314,0.5,0.2230769230769231,0.5,0.3076923076923077,0.6931471805599453
20,balanced_rows,reset_at_row_boundary,2,1,8,0.5,True,False,False,480,240,217,0.1375,0.43895035950324207,0.7868414408334705,0.6931471805599453,0.693978037409169,0.7979166666666667,0.49166666666666664,0.3519905432050392,0.5,0.29791666666666666,0.5,0.3541666666666667,0.6931471805599453
20,iid_normalized,full_row_major,2,1,1,0.5,False,False,False,798,399,2,0.0,0.6914174472565175,0.687111534986453,0.6931471805599453,0.6868624281015079,0.5288220551378446,0.568922305764411,0.6914174368720336,0.0342789598108747,0.028822055137844586,0.08139534883720934,0.06892230576441105,0.6931471805599453
20,iid_normalized,full_row_major,2,1,2,0.5,False,False,False,796,398,4,0.0,0.6835253042785254,0.688081058160471,0.6931471805599452,0.6871753911705927,0.5565326633165829,0.5678391959798995,0.6835250890527027,0.11061946902654862,0.05653266331658289,0.13,0.06783919597989949,0.6931471805599453
20,iid_normalized,full_row_major,2,1,3,0.5,False,False,False,794,397,8,0.0,0.6791991014982867,0.6890038387702637,0.6931471805599453,0.6874851767212959,0.5692695214105793,0.5264483627204031,0.6791979146675531,0.15217391304347827,0.06926952141057932,0.19736842105263153,0.10453400503778337,0.6931471805599453
20,iid_normalized,full_row_major,2,1,4,0.5,False,False,False,792,396,16,0.0,0.6739121565084849,0.6879085003054244,0.6931471805599452,0.6877917278843023,0.5757575757575758,0.5454545454545454,0.6739067161643915,0.21111111111111114,0.07575757575757576,0.23584905660377353,0.1111111111111111,0.6931471805599453
20,iid_normalized,full_row_major,2,1,5,0.5,False,False,False,790,395,32,0.0,0.6637270079372362,0.701376400289202,0.6931471805599453,0.6880949868674663,0.589873417721519,0.4860759493670886,0.663680539748023,0.25,0.08987341772151898,0.375,0.13544303797468354,0.6931471805599453
20,iid_normalized,full_row_major,2,1,6,0.5,False,False,False,788,394,64,0.0,0.6425196365573834,0.7292360262555169,0.6931471805599452,0.6883948949391169,0.6281725888324873,0.5152284263959391,0.6421443125020247,0.4,0.1281725888324873,0.5,0.17766497461928935,0.6931471805599453
20,iid_normalized,full_row_major,2,1,7,0.5,False,False,False,786,393,128,0.0,0.5963860889292735,0.7586071500573758,0.6931471805599453,0.6886913924110168,0.6679389312977099,0.5241730279898219,0.589354806298401,0.5,0.16793893129770993,0.5,0.22519083969465647,0.6931471805599453
20,iid_normalized,full_row_major,2,1,8,0.5,False,False,False,784,392,245,0.03571428571428571,0.5261475115130545,0.7870718088715554,0.6931471805599452,0.6889844186209702,0.7219387755102041,0.5510204081632653,0.48416640325563215,0.5,0.22193877551020408,0.5,0.29846938775510207,0.6931471805599453
20,iid_normalized,reset_at_row_boundary,2,1,1,0.5,True,False,False,760,380,2,0.0,0.6930130956016848,0.6924334761421229,0.6931471805599454,0.6922064835828005,0.506578947368421,0.49736842105263157,0.6930130947767378,0.011166253101737023,0.006578947368421077,0.05828220858895705,0.04736842105263158,0.6931471805599453
20,iid_normalized,reset_at_row_boundary,2,1,2,0.5,True,False,False,720,360,4,0.0,0.6811440210476238,0.6952435785622436,0.6931471805599453,0.6920991260536994,0.5652777777777778,0.5,0.6811436481101184,0.1091370558375635,0.0652777777777778,0.1105263157894737,0.0638888888888889,0.6931471805599453
20,iid_normalized,reset_at_row_boundary,2,1,3,0.5,True,False,False,680,340,8,0.0,0.6720245063254511,0.6920602811075808,0.6931471805599453,0.6913024509867913,0.5852941176470589,0.5117647058823529,0.6720221967742509,0.18965517241379315,0.08529411764705885,0.1875,0.10294117647058823,0.6931471805599453
20,iid_normalized,reset_at_row_boundary,2,1,4,0.5,True,False,False,640,320,16,0.0,0.6639086238911821,0.695051072478732,0.6931471805599453,0.6905572068757729,0.596875,0.490625,0.6638955465992561,0.25,0.096875,0.2441860465116279,0.115625,0.6931471805599453
20,iid_normalized,reset_at_row_boundary,2,1,5,0.5,True,False,False,600,300,32,0.0,0.6520278146297908,0.7047807137445407,0.6931471805599453,0.6904837728483638,0.605,0.5066666666666667,0.6519194020475291,0.3125,0.105,0.35714285714285715,0.14,0.6931471805599453
20,iid_normalized,reset_at_row_boundary,2,1,6,0.5,True,False,False,560,280,64,0.0,0.6207431961192759,0.7396643875542777,0.6931471805599454,0.690089912563532,0.6446428571428572,0.5357142857142857,0.6183998281992005,0.5,0.14464285714285716,0.5,0.17857142857142858,0.6931471805599453
20,iid_normalized,reset_at_row_boundary,2,1,7,0.5,True,False,False,520,260,126,0.011538461538461539,0.5480379570344813,0.7838427017175956,0.6931471805599453,0.6900222148422916,0.7076923076923077,0.5076923076923077,0.5243697373006982,0.5,0.2076923076923077,0.5,0.25769230769230766,0.6931471805599453
20,iid_normalized,reset_at_row_boundary,2,1,8,0.5,True,False,False,480,240,218,0.14583333333333334,0.4628941123595638,0.7942993820858819,0.6931471805599453,0.6917696101626272,0.7708333333333334,0.5,0.3787145979864429,0.5,0.2708333333333333,0.5,0.35,0.6931471805599453
24,hadamard,full_row_major,48,12,1,0.5,False,False,False,27600,6900,2,0.0,0.6923449253932882,0.6923445030626454,0.6931471805599453,0.6923469670910134,0.52,0.52,0.6923449253890278,0.021052233728928837,0.020000000000000007,0.021160822249093103,0.019999999999999997,0.6931471805599453
24,hadamard,full_row_major,48,12,2,0.5,False,False,False,27552,6888,4,0.0,0.6908232760864783,0.690532154757064,0.6931471805599453,0.6924125009955457,0.5279834494773519,0.5304878048780488,0.690823276035446,0.051745931426765646,0.02798344947735193,0.055625790139064435,0.03048780487804878,0.6931471805599453
24,hadamard,full_row_major,48,12,3,0.5,False,False,False,27504,6876,8,0.0,0.6605640090254488,0.6647031828428716,0.6931471805599452,0.6924754476714136,0.6221640488656196,0.6144560791157649,0.6605640062816291,0.17135802469135808,0.12216404886561955,0.15810276679841895,0.11445607911576498,0.6931471805599453
24,hadamard,full_row_major,48,12,4,0.5,False,False,False,27456,6864,16,0.0,0.6464798528992752,0.6500025137674553,0.6931471805599453,0.692535779111632,0.6251456876456877,0.618006993006993,0.6464798286650855,0.24328797351967635,0.12514568764568765,0.2488721804511278,0.12135780885780886,0.6931471805599453
24,hadamard,full_row_major,48,12,5,0.5,False,False,False,27408,6852,32,0.0,0.616327016402645,0.6130356499038928,0.6931471805599453,0.6925934669979384,0.6590411558669002,0.6611208406304728,0.61632681960113,0.37248322147651003,0.15904115586690018,0.40410958904109584,0.16112084063047286,0.6931471805599453
24,hadamard,full_row_major,48,12,6,0.5,False,False,False,27360,6840,64,0.0,0.6041224916890314,0.6008457342766644,0.6931471805599454,0.6926484826967964,0.6628654970760234,0.6611111111111111,0.604119155368258,0.45,0.16286549707602338,0.5,0.16637426900584795,0.6931471805599453
24,hadamard,full_row_major,48,12,7,0.5,False,False,False,27312,6828,128,0.0,0.5604896402274906,0.5591718872823946,0.6931471805599454,0.6927007972553407,0.7038664323374341,0.710456942003515,0.5604111234419996,0.5,0.2038664323374341,0.5,0.21587580550673696,0.6931471805599453
24,hadamard,full_row_major,48,12,8,0.5,False,False,False,27264,6816,252,0.0,0.5377758064219119,0.5451755374932588,0.6931471805599453,0.6927503813972636,0.721244131455399,0.7227112676056338,0.5374074296648983,0.5,0.22124413145539906,0.5,0.2340082159624413,0.6931471805599453
24,hadamard,reset_at_row_boundary,48,12,1,0.5,True,False,False,26496,6624,2,0.0,0.6931471805599453,0.6931471805599453,0.6931471805599453,0.6931471805599453,0.5,0.5,0.6931471805599453,0.0,0.0,0.0,0.0,0.6931471805599453
24,hadamard,reset_at_row_boundary,48,12,2,0.5,True,False,False,25344,6336,4,0.0,0.6914004086691707,0.6909331569218815,0.6931471805599452,0.6931471805599452,0.5295138888888888,0.5334595959595959,0.6914004086250914,0.030919312169312207,0.029513888888888885,0.03505291005291006,0.03345959595959595,0.6931471805599453
24,hadamard,reset_at_row_boundary,48,12,3,0.5,True,False,False,24192,6048,8,0.0,0.6555590225043234,0.661644578957794,0.6931471805599454,0.6931471805599454,0.6307870370370371,0.6203703703703703,0.6555590180983873,0.17910447761194026,0.13078703703703703,0.1635262449528937,0.12037037037037036,0.6931471805599453
24,hadamard,reset_at_row_boundary,48,12,4,0.5,True,False,False,23040,5760,16,0.0,0.6424813878131066,0.6477592898604256,0.6931471805599453,0.6931471805599453,0.6275173611111111,0.6220486111111111,0.642481347206416,0.2673684210526316,0.12751736111111112,0.2552182163187856,0.12274305555555555,0.6931471805599453
24,hadamard,reset_at_row_boundary,48,12,5,0.5,True,False,False,21888,5472,32,0.0,0.6050189699568701,0.6007212684242818,0.6931471805599454,0.6931471805599454,0.6725603070175439,0.6728801169590644,0.6050186048842737,0.383587786259542,0.17256030701754385,0.3984375,0.17507309941520469,0.6931471805599453
24,hadamard,reset_at_row_boundary,48,12,6,0.5,True,False,False,20736,5184,64,0.0,0.6001389253411249,0.5972398511064608,0.6931471805599453,0.6931471805599453,0.6668113425925926,0.6703317901234568,0.6001284356179976,0.47435897435897434,0.1668113425925926,0.5,0.17496141975308643,0.6931471805599453
24,hadamard,reset_at_row_boundary,48,12,7,0.5,True,False,False,19584,4896,128,0.0,0.5340665035321893,0.5421836707274543,0.6931471805599453,0.6931471805599453,0.7235498366013072,0.7212009803921569,0.5339124699963661,0.5,0.2235498366013072,0.5,0.23223039215686275,0.6931471805599453
24,hadamard,reset_at_row_boundary,48,12,8,0.5,True,False,False,18432,4608,250,0.00021701388888888888,0.5114035170760594,0.5270235984504935,0.6931471805599453,0.6931471805599453,0.7372504340277778,0.734375,0.510672393471591,0.5,0.2372504340277778,0.5,0.2521701388888889,0.6931471805599453
24,permuted_hadamard,full_row_major,48,12,1,0.5,False,False,False,27600,6900,2,0.0,0.6923459959604509,0.692344830852403,0.6931471805599453,0.6923469670910134,0.52,0.52,0.6923459959562066,0.020726172465960646,0.020000000000000018,0.021160822249093103,0.019999999999999997,0.6931471805599453
24,permuted_hadamard,full_row_major,48,12,2,0.5,False,False,False,27552,6888,4,0.0,0.6918139754332424,0.6921323323030121,0.6931471805599453,0.6924125009955457,0.519163763066202,0.519163763066202,0.6918139754040855,0.0394716025945262,0.01916376306620209,0.03734177215189871,0.01916376306620207,0.6931471805599453
24,permuted_hadamard,full_row_major,48,12,3,0.5,False,False,False,27504,6876,8,0.0,0.6889711299481535,0.6904403171119465,0.6931471805599452,0.6924754476714136,0.5380671902268761,0.5282140779522978,0.6889711296037031,0.08807247106190241,0.0380671902268761,0.0761316872427984,0.030250145433391523,0.6931471805599453
24,permuted_hadamard,full_row_major,48,12,4,0.5,False,False,False,27456,6864,16,0.0,0.685230547205661,0.6865883072835512,0.6931471805599453,0.692535779111632,0.5440340909090909,0.5378787878787878,0.6852305448852748,0.1678082191780822,0.04403409090909091,0.1576576576576577,0.041666666666666664,0.6931471805599453
24,permuted_hadamard,full_row_major,48,12,5,0.5,False,False,False,27408,6852,32,0.0,0.6800375803177862,0.6813739317064648,0.6931471805599453,0.6925934669979384,0.5529042615294805,0.5464098073555166,0.6800375664411374,0.2666666666666667,0.05290426152948045,0.27260273972602744,0.050642148277875075,0.6931471805599453
24,permuted_hadamard,full_row_major,48,12,6,0.5,False,False,False,27360,6840,64,0.0,0.6752458606267348,0.6757431951090317,0.6931471805599454,0.6926484826967962,0.558625730994152,0.5535087719298246,0.6752457877498481,0.35033444816053516,0.058625730994152046,0.37234042553191493,0.0638888888888889,0.6931471805599453
24,permuted_hadamard,full_row_major,48,12,7,0.5,False,False,False,27312,6828,128,0.0,0.6700179085573056,0.6728557016018322,0.6931471805599454,0.692700797255341,0.5662346221441125,0.5571177504393673,0.6700175229846282,0.4124877089478859,0.06623462214411248,0.4186991869918699,0.07527826596367897,0.6931471805599453
24,permuted_hadamard,full_row_major,48,12,8,0.5,False,False,False,27264,6816,256,0.0,0.6666130902259022,0.6719924800626713,0.6931471805599453,0.6927503813972636,0.573100058685446,0.5585387323943662,0.6666106345893545,0.4288793103448276,0.07310005868544601,0.4424778761061947,0.10123239436619719,0.6931471805599453
24,permuted_hadamard,reset_at_row_boundary,48,12,1,0.5,True,False,False,26496,6624,2,0.0,0.6931471805599453,0.6931471805599453,0.6931471805599453,0.6931471805599453,0.5,0.5,0.6931471805599453,0.0,0.0,0.0,0.0,0.6931471805599453
24,permuted_hadamard,reset_at_row_boundary,48,12,2,0.5,True,False,False,25344,6336,4,0.0,0.6925095812327233,0.6926562936919519,0.6931471805599452,0.6931471805599452,0.5178345959595959,0.5157828282828283,0.692509581216664,0.01868386243386244,0.017834595959595956,0.016534391534391513,0.015782828282828266,0.6931471805599453
24,permuted_hadamard,reset_at_row_boundary,48,12,3,0.5,True,False,False,24192,6048,8,0.0,0.688085094945807,0.6901853090000362,0.6931471805599454,0.6931471805599454,0.5406746031746031,0.5320767195767195,0.688085094389886,0.09231003967043028,0.04067460317460318,0.07475490196078427,0.036706349206349194,0.6931471805599453
24,permuted_hadamard,reset_at_row_boundary,48,12,4,0.5,True,False,False,23040,5760,16,0.0,0.6821600153178329,0.6834603650804424,0.6931471805599453,0.6931471805599453,0.5524739583333333,0.5444444444444444,0.6821600104427533,0.19816414686825057,0.05247395833333332,0.1964285714285714,0.052256944444444446,0.6931471805599453
24,permuted_hadamard,reset_at_row_boundary,48,12,5,0.5,True,False,False,21888,5472,32,0.0,0.673311933913458,0.6748379197706302,0.6931471805599454,0.6931471805599454,0.5641904239766082,0.558296783625731,0.6733118988173693,0.3262987012987013,0.0641904239766082,0.33445945945945943,0.06524122807017543,0.6931471805599453
24,permuted_hadamard,reset_at_row_boundary,48,12,6,0.5,True,False,False,20736,5184,64,0.0,0.6633684746272918,0.665186778646281,0.6931471805599453,0.6931471805599453,0.5749903549382716,0.5760030864197531,0.6633682440398349,0.427461139896373,0.07499035493827161,0.44042553191489364,0.08140432098765432,0.6931471805599453
24,permuted_hadamard,reset_at_row_boundary,48,12,7,0.5,True,False,False,19584,4896,128,0.0,0.6543463208253749,0.6595221352883069,0.6931471805599453,0.6931471805599453,0.5856821895424836,0.5741421568627451,0.6543447084017068,0.47751479289940824,0.08568218954248366,0.48086124401913877,0.09763071895424837,0.6931471805599453
24,permuted_hadamard,reset_at_row_boundary,48,12,8,0.5,True,False,False,18432,4608,256,0.0,0.6466482468680708,0.6576299585858842,0.6931471805599453,0.6931471805599453,0.59423828125,0.5713975694444444,0.646636958456002,0.4922779922779923,0.09423828125,0.5,0.12890625,0.6931471805599453
24,balanced_rows,full_row_major,48,12,1,0.5,False,False,False,27600,6900,2,0.0,0.6923454598345874,0.6923911815651357,0.6931471805599453,0.6923469670910133,0.52,0.52,0.6923454598303957,0.020831884259581268,0.019999999999999983,0.03280919262171156,0.020000000000000046,0.6931471805599453
24,balanced_rows,full_row_major,48,12,2,0.5,False,False,False,27552,6888,4,0.0,0.6916410147994342,0.6914020265246213,0.6931471805599453,0.6924125009955459,0.5213414634146342,0.5165505226480837,0.6916410147659172,0.04449519609387309,0.021341463414634172,0.06448476992871033,0.0230836236933798,0.6931471805599453
24,balanced_rows,full_row_major,48,12,3,0.5,False,False,False,27504,6876,8,0.0,0.6896304727325291,0.6887996596692352,0.6931471805599452,0.6924754476714136,0.5332678883071553,0.543630017452007,0.689630472415858,0.0792027729636049,0.03326788830715532,0.09314456035767515,0.04363001745200699,0.6931471805599453
24,balanced_rows,full_row_major,48,12,4,0.5,False,False,False,27456,6864,16,0.0,0.6847956351019878,0.6849033700943127,0.6931471805599453,0.692535779111632,0.546037296037296,0.5388986013986014,0.6847956323998363,0.16593309859154926,0.04603729603729604,0.16727941176470584,0.052593240093240075,0.6931471805599453
24,balanced_rows,full_row_major,48,12,5,0.5,False,False,False,27408,6852,32,0.0,0.6793197072055489,0.6778025135293865,0.6931471805599453,0.6925934669979384,0.5548015178050204,0.5561879743140689,0.6793196918081192,0.2744708994708994,0.05480151780502043,0.2983425414364641,0.06567425569176882,0.6931471805599453
24,balanced_rows,full_row_major,48,12,6,0.5,False,False,False,27360,6840,64,0.0,0.6737348694254655,0.6735495955484508,0.6931471805599454,0.6926484826967964,0.5600146198830409,0.5545321637426901,0.6737347877900841,0.36080273270708796,0.06001461988304094,0.3819444444444444,0.07383040935672515,0.6931471805599453
24,balanced_rows,full_row_major,48,12,7,0.5,False,False,False,27312,6828,128,0.0,0.6694640510667915,0.67259196282189,0.6931471805599454,0.6927007972553407,0.5666739894551845,0.5547744581136497,0.6694635562797001,0.4097222222222222,0.06667398945518453,0.4209486166007905,0.08172231985940245,0.6931471805599453
24,balanced_rows,full_row_major,48,12,8,0.5,False,False,False,27264,6816,256,0.0,0.6654787082444064,0.6735460026708444,0.6931471805599453,0.6927503813972636,0.5736135563380281,0.5490023474178404,0.6654754339673262,0.43456924754634674,0.07361355633802817,0.5,0.10255281690140845,0.6931471805599453
24,balanced_rows,reset_at_row_boundary,48,12,1,0.5,True,False,False,26496,6624,2,0.0,0.693144258076909,0.6932027026554275,0.6931471805599453,0.6931471805599453,0.501207729468599,0.4891304347826087,0.6931442580768922,0.001261232855115868,0.001207729468599022,0.011385199240986688,0.010869565217391302,0.6931471805599453
24,balanced_rows,reset_at_row_boundary,48,12,2,0.5,True,False,False,25344,6336,4,0.0,0.6922328979583068,0.6918771475167004,0.6931471805599452,0.6931495717732455,0.52114898989899,0.5249368686868687,0.6922328979354256,0.024428981999697452,0.0211489898989899,0.044406779661016915,0.024936868686868695,0.6931471805599453
24,balanced_rows,reset_at_row_boundary,48,12,3,0.5,True,False,False,24192,6048,8,0.0,0.6890169692267407,0.6887331579157561,0.6931471805599454,0.6931487797975951,0.5381944444444444,0.5329034391534392,0.689016968766502,0.07737914259653389,0.03819444444444445,0.07674418604651168,0.04150132275132277,0.6931471805599453
24,balanced_rows,reset_at_row_boundary,48,12,4,0.5,True,False,False,23040,5760,16,0.0,0.6820289751934747,0.6828155610917622,0.6931471805599453,0.6931408512371586,0.5555121527777778,0.5527777777777778,0.6820289700394959,0.19625137816979055,0.055512152777777775,0.19594594594594594,0.057465277777777775,0.6931471805599453
24,balanced_rows,reset_at_row_boundary,48,12,5,0.5,True,False,False,21888,5472,32,0.0,0.6727142565213676,0.6723494296828195,0.6931471805599454,0.693148787713846,0.5664290935672515,0.5522660818713451,0.6727142186425876,0.33236030025020846,0.06642909356725146,0.34745762711864403,0.0714546783625731,0.6931471805599453
24,balanced_rows,reset_at_row_boundary,48,12,6,0.5,True,False,False,20736,5184,64,0.0,0.6617095205080155,0.6631260115121109,0.6931471805599453,0.6931476456727025,0.5755208333333334,0.5675154320987654,0.6617092543832188,0.4386892177589852,0.07552083333333333,0.4491525423728814,0.08429783950617284,0.6931471805599453
24,balanced_rows,reset_at_row_boundary,48,12,7,0.5,True,False,False,19584,4896,128,0.0,0.6539957512177696,0.6603877213808536,0.6931471805599453,0.6931468937352951,0.5853247549019608,0.5714869281045751,0.6539939402269747,0.47738095238095235,0.08532475490196079,0.4809523809523809,0.09803921568627451,0.6931471805599453
24,balanced_rows,reset_at_row_boundary,48,12,8,0.5,True,False,False,18432,4608,256,0.0,0.6455812564160012,0.6596046252878829,0.6931471805599453,0.6931587885534741,0.595703125,0.572265625,0.6455651909963248,0.49482535575679176,0.095703125,0.5,0.12890625,0.6931471805599453
24,iid_normalized,full_row_major,48,12,1,0.5,False,False,False,27600,6900,2,0.0,0.6897958063430172,0.6896604963186178,0.6931471805599453,0.6896506096229114,0.5390579710144927,0.5418840579710145,0.6897958063267589,0.050281954887218094,0.03905797101449277,0.04725040042712225,0.04188405797101446,0.6931471805599453
24,iid_normalized,full_row_major,48,12,2,0.5,False,False,False,27552,6888,4,0.0,0.6889199407462403,0.6889022690741262,0.6931471805599453,0.6897834050921478,0.5382549361207898,0.5410859465737514,0.6889199406754204,0.07650941090197994,0.03825493612078978,0.0730337078651685,0.04108594657375143,0.6931471805599453
24,iid_normalized,full_row_major,48,12,3,0.5,False,False,False,27504,6876,8,0.0,0.6875240105203506,0.6873133214638596,0.6931471805599452,0.6899140855293995,0.5374490983129726,0.5402850494473531,0.6875240102119604,0.11767204757858962,0.03744909831297265,0.11807331628303497,0.04028504944735311,0.6931471805599453
24,iid_normalized,full_row_major,48,12,4,0.5,False,False,False,27456,6864,16,0.0,0.6852853016729903,0.685633305438242,0.6931471805599453,0.690042626976397,0.5366404428904429,0.5394813519813519,0.6852853003923868,0.17894012388162428,0.036640442890442895,0.17586206896551726,0.044726107226107224,0.6931471805599453
24,iid_normalized,full_row_major,48,12,5,0.5,False,False,False,27408,6852,32,0.0,0.6822582993851303,0.6837441669578521,0.6931471805599453,0.690169005207623,0.5379451255107998,0.5288966725043783,0.682258294356591,0.25405679513184587,0.037945125510799774,0.24489795918367352,0.049912434325744305,0.6931471805599453
24,iid_normalized,full_row_major,48,12,6,0.5,False,False,False,27360,6840,64,0.0,0.6799647479178778,0.6839190609493417,0.6931471805599454,0.6902931957269138,0.5414108187134503,0.525438596491228,0.679964728582464,0.3103564223268326,0.041410818713450294,0.2917808219178082,0.05906432748538011,0.6931471805599453
24,iid_normalized,full_row_major,48,12,7,0.5,False,False,False,27312,6828,128,0.0,0.677145025687147,0.6816276874507835,0.6931471805599454,0.6904151737640094,0.5463898652606912,0.5212360867018161,0.6771449268171575,0.3605809128630706,0.04638986526069127,0.3685121107266436,0.07015231400117164,0.6931471805599453
24,iid_normalized,full_row_major,48,12,8,0.5,False,False,False,27264,6816,256,0.0,0.6739251287911074,0.6828805609027129,0.6931471805599453,0.6905349142710518,0.5550176056338029,0.5245011737089202,0.6739245380881744,0.396817743490839,0.05501760563380282,0.39243027888446214,0.09375,0.6931471805599453
24,iid_normalized,reset_at_row_boundary,48,12,1,0.5,True,False,False,26496,6624,2,0.0,0.6919304430661964,0.6919833992059455,0.6931471805599453,0.6921248860763993,0.5198520531400966,0.5227958937198067,0.6919304430602424,0.033300822070503,0.019852053140096613,0.03162109914388289,0.022795893719806747,0.6931471805599453
24,iid_normalized,reset_at_row_boundary,48,12,2,0.5,True,False,False,25344,6336,4,0.0,0.6905648549769668,0.6907584100061467,0.6931471805599452,0.6920886386253039,0.5229245580808081,0.5148358585858586,0.6905648549281208,0.06585564768247931,0.022924558080808094,0.06404736275565126,0.025726010101010117,0.6931471805599453
24,iid_normalized,reset_at_row_boundary,48,12,3,0.5,True,False,False,24192,6048,8,0.0,0.6886757271376724,0.6889069807880537,0.6931471805599454,0.6921326712137749,0.5230654761904762,0.5238095238095238,0.6886757268400526,0.11499874592425385,0.023065476190476213,0.11271102284011913,0.03091931216931216,0.6931471805599453
24,iid_normalized,reset_at_row_boundary,48,12,4,0.5,True,False,False,23040,5760,16,0.0,0.6852567312156098,0.685732240745,0.6931471805599453,0.6921160011321218,0.5275607638888888,0.5140625,0.6852567295170133,0.19197952218430037,0.0275607638888889,0.1926994906621392,0.04930555555555557,0.6931471805599453
24,iid_normalized,reset_at_row_boundary,48,12,5,0.5,True,False,False,21888,5472,32,0.0,0.6798708540596332,0.6815404955466084,0.6931471805599454,0.6920746101750692,0.5313413742690059,0.5213815789473685,0.6798708454006178,0.2924773022049286,0.03134137426900585,0.28516624040920713,0.05116959064327485,0.6931471805599453
24,iid_normalized,reset_at_row_boundary,48,12,6,0.5,True,False,False,20736,5184,64,0.0,0.674841275266997,0.6797814958870203,0.6931471805599453,0.6920081568183541,0.5402681327160493,0.5181327160493827,0.6748412367292813,0.3682170542635659,0.040268132716049385,0.3503401360544217,0.061728395061728385,0.6931471805599453
24,iid_normalized,reset_at_row_boundary,48,12,7,0.5,True,False,False,19584,4896,128,0.0,0.6690589993536107,0.6760343194100565,0.6931471805599453,0.6922436914306727,0.5515216503267973,0.5181781045751634,0.6690587614099838,0.4236401673640168,0.05152165032679739,0.4369747899159664,0.08006535947712418,0.6931471805599453
24,iid_normalized,reset_at_row_boundary,48,12,8,0.5,True,False,False,18432,4608,256,0.0,0.6623015193122392,0.6777927376392218,0.6931471805599453,0.6923939640930369,0.5651041666666666,0.5243055555555556,0.662299847350766,0.4627403846153846,0.06510416666666667,0.45260663507109,0.1134982638888889,0.6931471805599453
28,hadamard,full_row_major,390,97,1,0.5,False,False,False,305370,75951,2,0.0,0.6925494996409666,0.6925494840500528,0.6931471805599453,0.6925525323607297,0.5172413793103449,0.5172413793103449,0.6925494996409405,0.01851525244371488,0.017241379310344817,0.01851851851851849,0.017241379310344817,0.6931471805599453
28,hadamard,full_row_major,390,97,2,0.5,False,False,False,304980,75854,4,0.0,0.6903354869853887,0.6906324878967083,0.6931471805599453,0.6925943612096279,0.5334284215358385,0.5312178659002821,0.6903354869848937,0.05239504085657931,0.0334284215358384,0.05001699331596243,0.03121786590028212,0.6931471805599453
28,hadamard,full_row_major,390,97,3,0.5,False,False,False,304590,75757,8,0.0,0.6856276846862435,0.6859319098856167,0.6931471805599453,0.6926347651934466,0.5525624610131652,0.5524505986245496,0.6856276846814005,0.09099151536860017,0.05256246101316524,0.0920672208167691,0.052450598624549566,0.6931471805599453
28,hadamard,full_row_major,390,97,4,0.5,False,False,False,304200,75660,16,0.0,0.6656346229123982,0.6657425526857859,0.6931471805599453,0.6926737330566545,0.5931328073635765,0.5916336241078509,0.6656346228337863,0.24324785029735974,0.0931328073635766,0.24469708530444068,0.09210943695479779,0.6931471805599453
28,hadamard,full_row_major,390,97,5,0.5,False,False,False,303810,75563,32,0.0,0.6530119757808972,0.6536436740464777,0.6931471805599453,0.6927112534520902,0.6089595470853494,0.6097957995315167,0.6530119752803948,0.33354569084144536,0.1089595470853494,0.33360655737704914,0.10979579953151675,0.6931471805599453
28,hadamard,full_row_major,390,97,6,0.5,False,False,False,303420,75466,64,0.0,0.6468726571010828,0.648173339100822,0.6931471805599453,0.6927473149400967,0.613509327005471,0.6128720218376488,0.6468726527697346,0.4200857317819963,0.11350932700547096,0.3977832512315271,0.11360082686242812,0.6931471805599453
28,hadamard,full_row_major,390,97,7,0.5,False,False,False,303030,75369,128,0.0,0.6279639645135711,0.6290631033932254,0.6931471805599453,0.6927819059876517,0.6342375342375343,0.6328994679510144,0.627963672780489,0.4991408934707904,0.13423753423753423,0.5,0.13454470670965515,0.6931471805599453
28,hadamard,full_row_major,390,97,8,0.5,False,False,False,302640,75272,256,0.0,0.5982388823513951,0.600112000996128,0.6931471805599453,0.6928150149674872,0.6648460216759186,0.6640184929322989,0.5982345072221784,0.5,0.16484602167591858,0.5,0.16555957062387075,0.6931471805599453
28,hadamard,reset_at_row_boundary,390,97,1,0.5,True,False,False,294840,73332,2,0.0,0.6931471805599447,0.6931471805599453,0.6931471805599453,0.6931471805599453,0.5,0.5,0.6931471805599453,0.0,0.0,0.0,0.0,0.6931471805599453
28,hadamard,reset_at_row_boundary,390,97,2,0.5,True,False,False,283920,70616,4,0.0,0.6909425536376957,0.6912589493678072,0.6931471805599453,0.6931471805599453,0.53316427162581,0.5307862240851932,0.6909425536372537,0.0344908424908425,0.033164271625810086,0.032017673048600925,0.03078622408519317,0.6931471805599453
28,hadamard,reset_at_row_boundary,390,97,3,0.5,True,False,False,273000,67900,8,0.0,0.6787437443039405,0.6791607454080951,0.6931471805599453,0.6931471805599453,0.5754725274725274,0.5743740795287187,0.6787437442913395,0.12367083966266823,0.07547252747252747,0.12474859743834021,0.0743740795287187,0.6931471805599453
28,hadamard,reset_at_row_boundary,390,97,4,0.5,True,False,False,262080,65184,16,0.0,0.6461806575736783,0.6466793162228687,0.6931471805599453,0.6931471805599453,0.6167200854700855,0.6156111929307806,0.6461806573408976,0.2983946716762018,0.11672008547008547,0.29875947622329424,0.11568789887088857,0.6931471805599453
28,hadamard,reset_at_row_boundary,390,97,5,0.5,True,False,False,251160,62468,32,0.0,0.625024595008082,0.625425868000666,0.6931471805599453,0.6931471805599453,0.6482560917343526,0.6502049049113146,0.6250245918684656,0.43282548476454297,0.1482560917343526,0.41503267973856206,0.15020490491131458,0.6931471805599453
28,hadamard,reset_at_row_boundary,390,97,6,0.5,True,False,False,240240,59752,64,0.0,0.6092355300450255,0.6095097279322571,0.6931471805599453,0.6931471805599453,0.6594197469197469,0.6593252108716027,0.609235435747246,0.4911616161616162,0.15941974691974692,0.4896013864818024,0.15976034275003348,0.6931471805599453
28,hadamard,reset_at_row_boundary,390,97,7,0.5,True,False,False,229320,57036,128,0.0,0.5806610861694943,0.5809058293181502,0.6931471805599453,0.6931471805599453,0.6815846851561137,0.6802370432709166,0.5806519670800437,0.5,0.18158468515611373,0.5,0.18090328915071183,0.6931471805599453
28,hadamard,reset_at_row_boundary,390,97,8,0.5,True,False,False,218400,54320,252,0.0,0.5517662731398193,0.553756266259847,0.6931471805599452,0.6931471805599452,0.7014972527472527,0.6990795287187039,0.5516980237481062,0.5,0.20149725274725275,0.5,0.20103092783505155,0.6931471805599453
28,permuted_hadamard,full_row_major,390,97,1,0.5,False,False,False,305370,75951,2,0.0,0.6925519185269244,0.6925519897603627,0.6931471805599453,0.6925525323607297,0.5172413793103449,0.5172413793103449,0.6925519185268989,0.017815291600149497,0.01724137931034486,0.01778202676864249,0.017241379310344866,0.6931471805599453
28,permuted_hadamard,full_row_major,390,97,2,0.5,False,False,False,304980,75854,4,0.0,0.6919616919718231,0.6919867367877738,0.6931471805599453,0.6925943612096278,0.5176405010164601,0.5173491180425555,0.6919616919716124,0.03754338440700922,0.017640501016460083,0.036322360953461974,0.017639148891291152,0.6931471805599453
28,permuted_hadamard,full_row_major,390,97,3,0.5,False,False,False,304590,75757,8,0.0,0.6901733387559271,0.6902481478052875,0.6931471805599453,0.6926347651934465,0.5322499097146984,0.5307100333962538,0.6901733387539246,0.07504441521884586,0.032249909714698446,0.07549092256391254,0.03071003339625382,0.6931471805599453
28,permuted_hadamard,full_row_major,390,97,4,0.5,False,False,False,304200,75660,16,0.0,0.6871086339023966,0.6870293602377711,0.6931471805599453,0.6926737330566546,0.5366239316239316,0.5362939466032249,0.6871086338876954,0.15195920989240408,0.03662393162393163,0.15346215780998385,0.037866772402854874,0.6931471805599453
28,permuted_hadamard,full_row_major,390,97,5,0.5,False,False,False,303810,75563,32,0.0,0.6828417706441389,0.6829323648513596,0.6931471805599453,0.6927112534520903,0.5457292386689049,0.5467093683416487,0.6828417705596134,0.25348034988296164,0.04572923866890491,0.25449839783090955,0.04670936834164869,0.6931471805599453
28,permuted_hadamard,full_row_major,390,97,6,0.5,False,False,False,303420,75466,64,0.0,0.6785330235799146,0.6794255417139742,0.6931471805599453,0.6927473149400966,0.5484048513611496,0.5466700235867809,0.6785330231620205,0.34513491414554376,0.04840485136114956,0.3382352941176471,0.04987676569581003,0.6931471805599453
28,permuted_hadamard,full_row_major,390,97,7,0.5,False,False,False,303030,75369,128,0.0,0.6757117178115869,0.6764768757872923,0.6931471805599453,0.6927819059876518,0.5539649539649539,0.5518183868699332,0.6757117158417225,0.3997678018575851,0.05396495396495396,0.40097465886939576,0.053861667263729124,0.6931471805599453
28,permuted_hadamard,full_row_major,390,97,8,0.5,False,False,False,302640,75272,256,0.0,0.6735823205140744,0.6744251744130038,0.6931471805599453,0.6928150149674873,0.5562020882897172,0.551320544159847,0.6735823095642056,0.43204301075268814,0.05620208828971716,0.43682388576373865,0.05716601126580933,0.6931471805599453
28,permuted_hadamard,reset_at_row_boundary,390,97,1,0.5,True,False,False,294840,73332,2,0.0,0.6931471805599447,0.6931471805599453,0.6931471805599453,0.6931471805599453,0.5,0.5,0.6931471805599453,0.0,0.0,0.0,0.0,0.6931471805599453
28,permuted_hadamard,reset_at_row_boundary,390,97,2,0.5,True,False,False,283920,70616,4,0.0,0.6924256724595313,0.6925011653121332,0.6931471805599453,0.6931471805599453,0.5189771766694844,0.5179845927268608,0.6924256724593869,0.01973626373626375,0.018977176669484355,0.018703976435935243,0.01798459272686078,0.6931471805599453
28,permuted_hadamard,reset_at_row_boundary,390,97,3,0.5,True,False,False,273000,67900,8,0.0,0.6900527125374271,0.6902508742436817,0.6931471805599453,0.6931471805599453,0.5302307692307693,0.5284536082474227,0.6900527125347965,0.07345945799016007,0.030230769230769217,0.07133472024526444,0.02958762886597939,0.6931471805599453
28,permuted_hadamard,reset_at_row_boundary,390,97,4,0.5,True,False,False,262080,65184,16,0.0,0.6855035567537381,0.6851924960222565,0.6931471805599453,0.6931471805599453,0.544757326007326,0.5463764113892979,0.6855035567277219,0.17345228706624605,0.04475732600732601,0.1776760843613211,0.04637641138929799,0.6931471805599453
28,permuted_hadamard,reset_at_row_boundary,390,97,5,0.5,True,False,False,251160,62468,32,0.0,0.6787313241766325,0.6786641491844142,0.6931471805599453,0.6931471805599453,0.5510272336359293,0.5501696868796824,0.6787313239942806,0.3009305163603081,0.05102723363592929,0.30208014683389417,0.05383556380867004,0.6931471805599453
28,permuted_hadamard,reset_at_row_boundary,390,97,6,0.5,True,False,False,240240,59752,64,0.0,0.6714705892674901,0.6726456308203402,0.6931471805599453,0.6931471805599453,0.5611555111555112,0.5616883116883117,0.6714705881980568,0.405391961798647,0.061155511155511155,0.39649681528662417,0.06190587762752711,0.6931471805599453
28,permuted_hadamard,reset_at_row_boundary,390,97,7,0.5,True,False,False,229320,57036,128,0.0,0.6660487419887547,0.6670551263768465,0.6931471805599453,0.6931471805599453,0.5647392290249433,0.561820604530472,0.6660487362059826,0.4598388952819332,0.0647392290249433,0.45769409576940956,0.06687004698786732,0.6931471805599453
28,permuted_hadamard,reset_at_row_boundary,390,97,8,0.5,True,False,False,218400,54320,256,0.0,0.6615785696679519,0.6620784174206789,0.6931471805599452,0.6931471805599452,0.5708745421245421,0.5683541973490427,0.6615785338895261,0.4864031222460028,0.07087454212454213,0.4918492103922567,0.07332474226804124,0.6931471805599453
28,balanced_rows,full_row_major,390,97,1,0.5,False,False,False,305370,75951,2,0.0,0.6925524502623033,0.6925527352993353,0.6931471805599453,0.6925525323607296,0.5172413793103449,0.5172413793103449,0.6925524502622776,0.017436714462736758,0.017241379310344848,0.017395816265224795,0.01724137931034485,0.6931471805599453
28,balanced_rows,full_row_major,390,97,2,0.5,False,False,False,304980,75854,4,0.0,0.6919758997379128,0.6919077958619627,0.6931471805599453,0.6925943612096278,0.5175716440422323,0.5184960582171013,0.691975899737708,0.03543906115721107,0.017571644042232288,0.037707518839594334,0.01849605821710129,0.6931471805599453
28,balanced_rows,full_row_major,390,97,3,0.5,False,False,False,304590,75757,8,0.0,0.6902884397341736,0.6901765210774957,0.6931471805599453,0.6926347651934466,0.5308710069273449,0.5300764285808572,0.6902884397322702,0.07498048578906291,0.03087100692734496,0.07651410078594545,0.03007642858085721,0.6931471805599453
28,balanced_rows,full_row_major,390,97,4,0.5,False,False,False,304200,75660,16,0.0,0.687211279813454,0.6870649675473388,0.6931471805599453,0.6926737330566546,0.535733070348455,0.5338355802273328,0.6872112797995853,0.15412272291466922,0.035733070348454965,0.15340179717586655,0.03819719799101243,0.6931471805599453
28,balanced_rows,full_row_major,390,97,5,0.5,False,False,False,303810,75563,32,0.0,0.6831892096316557,0.6832680166195839,0.6931471805599453,0.6927112534520902,0.5436391165531088,0.5452933313923481,0.6831892095539446,0.2518631643249847,0.04363911655310884,0.2500614401572868,0.0458094570093829,0.6931471805599453
28,balanced_rows,full_row_major,390,97,6,0.5,False,False,False,303420,75466,64,0.0,0.6791204562077253,0.6795360958497749,0.6931471805599453,0.6927473149400967,0.5463482960912267,0.544218588503432,0.6791204558418793,0.3422036239538474,0.04634829609122668,0.340327868852459,0.04946598468184348,0.6931471805599453
28,balanced_rows,full_row_major,390,97,7,0.5,False,False,False,303030,75369,128,0.0,0.6760975743175387,0.676603618502804,0.6931471805599453,0.6927819059876517,0.5515757515757516,0.5495230134405392,0.6760975726777165,0.4001447178002895,0.051575751575751574,0.4020296643247463,0.05384839920922395,0.6931471805599453
28,balanced_rows,full_row_major,390,97,8,0.5,False,False,False,302640,75272,256,0.0,0.6742067571873489,0.6751562541581922,0.6931471805599453,0.6928150149674874,0.5537338091461803,0.5518652354129026,0.6742067493993685,0.43097534833869244,0.053733809146180284,0.4290350497620078,0.06003560420873632,0.6931471805599453
28,balanced_rows,reset_at_row_boundary,390,97,1,0.5,True,False,False,294840,73332,2,0.0,0.693145322312803,0.6931471973376878,0.6931471805599453,0.6931471805599453,0.5009632342965676,0.5004772814051165,0.6931453223128029,0.0010007047216349374,0.0009632342965676241,0.0004956243450678355,0.00047728140511645153,0.6931471805599453
28,balanced_rows,reset_at_row_boundary,390,97,2,0.5,True,False,False,283920,70616,4,0.0,0.692435903460041,0.69233300777065,0.6931471805599453,0.6931467173211817,0.5188186813186814,0.5202078848986066,0.6924359034599005,0.02063556457065585,0.018818681318681318,0.021597036875646847,0.020207884898606542,0.6931471805599453
28,balanced_rows,reset_at_row_boundary,390,97,3,0.5,True,False,False,273000,67900,8,0.0,0.6900957401169568,0.6898829326918404,0.6931471805599453,0.6931480518617875,0.5301611721611722,0.5298527245949927,0.6900957401144001,0.07435124367395285,0.03016117216117217,0.07669839896148856,0.031988217967599424,0.6931471805599453
28,balanced_rows,reset_at_row_boundary,390,97,4,0.5,True,False,False,262080,65184,16,0.0,0.685593392943792,0.6853461583297509,0.6931471805599453,0.6931487385475,0.5441544566544566,0.5461002700049091,0.6855933929188588,0.17455909578096074,0.04415445665445666,0.17536006228104317,0.04610027000490919,0.6931471805599453
28,balanced_rows,reset_at_row_boundary,390,97,5,0.5,True,False,False,251160,62468,32,0.0,0.6793629452162873,0.6791760672153823,0.6931471805599453,0.6931482537776151,0.5493311036789298,0.5487129410258053,0.6793629450488394,0.2951417612995413,0.04933110367892977,0.2950721153846154,0.05271499007491836,0.6931471805599453
28,balanced_rows,reset_at_row_boundary,390,97,6,0.5,True,False,False,240240,59752,64,0.0,0.6723157593412017,0.6728289339183156,0.6931471805599453,0.6931461561611992,0.5578962703962704,0.5584080867586022,0.672315758374467,0.40053338601343347,0.0578962703962704,0.39920948616600793,0.0587260677466863,0.6931471805599453
28,balanced_rows,reset_at_row_boundary,390,97,7,0.5,True,False,False,229320,57036,128,0.0,0.6666409164329467,0.66718369278414,0.6931471805599453,0.6931465515170419,0.5628510378510378,0.5585069079178063,0.6666409111656098,0.4576446280991735,0.06285103785103785,0.45898617511520734,0.06387194052878883,0.6931471805599453
28,balanced_rows,reset_at_row_boundary,390,97,8,0.5,True,False,False,218400,54320,256,0.0,0.6621662406535059,0.6634103811717987,0.6931471805599452,0.6931470471678287,0.5689789377289377,0.565960972017673,0.6621662090632106,0.4859137215444598,0.06897893772893773,0.48435133770822814,0.07371134020618557,0.6931471805599453
28,iid_normalized,full_row_major,390,97,1,0.5,False,False,False,305370,75951,2,0.0,0.6903395118191834,0.69062778733323,0.6931471805599453,0.6911337587210392,0.5337099256639487,0.5317770667930639,0.6903395118190744,0.04891687348714646,0.03370992566394863,0.046650510645663834,0.03177706679306394,0.6931471805599453
28,iid_normalized,full_row_major,390,97,2,0.5,False,False,False,304980,75854,4,0.0,0.6896288537028966,0.689892565934593,0.6931471805599453,0.6912092657436038,0.5331136467965113,0.5311783162390908,0.6896288537024233,0.07288779615556551,0.03311364679651125,0.07107920836918613,0.03117831623909085,0.6931471805599453
28,iid_normalized,full_row_major,390,97,3,0.5,False,False,False,304590,75757,8,0.0,0.6884609114477183,0.6887333576406302,0.6931471805599453,0.6912835210253685,0.5325158409665451,0.5305780323930462,0.6884609114456819,0.11163607965638422,0.03251584096654518,0.11010084967839273,0.03057803239304618,0.6931471805599453
28,iid_normalized,full_row_major,390,97,4,0.5,False,False,False,304200,75660,16,0.0,0.6867621177848608,0.6866804128745104,0.6931471805599453,0.6913565144030758,0.5319165023011176,0.5299762093576527,0.6867621177766948,0.16751828314118733,0.031916502301117686,0.1719218241042345,0.02997620935765265,0.6931471805599453
28,iid_normalized,full_row_major,390,97,5,0.5,False,False,False,303810,75563,32,0.0,0.6849493393979271,0.6846754159815279,0.6931471805599453,0.691428235630593,0.5313156248971397,0.5293728412053518,0.6849493393695326,0.23107112089595094,0.031315624897139654,0.23956918300019403,0.029822796871484716,0.6931471805599453
28,iid_normalized,full_row_major,390,97,6,0.5,False,False,False,303420,75466,64,0.0,0.6828523443304779,0.6827870692776998,0.6931471805599453,0.6914986743781347,0.530719794344473,0.5288209259799115,0.682852344238535,0.29931905977869444,0.030719794344473007,0.3054607508532423,0.03035804203217343,0.6931471805599453
28,iid_normalized,full_row_major,390,97,7,0.5,False,False,False,303030,75369,128,0.0,0.6811297438615715,0.6815527469744125,0.6931471805599453,0.6915678202314828,0.5306438306438307,0.5257599278217835,0.6811297435762728,0.35541082985172445,0.030643830643830645,0.356537332898598,0.03346866748928604,0.6931471805599453
28,iid_normalized,full_row_major,390,97,8,0.5,False,False,False,302640,75272,256,0.0,0.6800428380953003,0.6809706488295472,0.6931471805599453,0.6916356626911923,0.531109569125033,0.5235014347964715,0.6800428371159457,0.39330523896178526,0.031109569125033043,0.39185072353389183,0.03917791476246147,0.6931471805599453
28,iid_normalized,reset_at_row_boundary,390,97,1,0.5,True,False,False,294840,73332,2,0.0,0.691967833236805,0.6921337500918092,0.6931471805599453,0.6927018401699632,0.5184167684167684,0.5177957781050565,0.6919678332367574,0.033165481769924954,0.01841676841676839,0.03082533589251435,0.017795778105056417,0.6931471805599453
28,iid_normalized,reset_at_row_boundary,390,97,2,0.5,True,False,False,283920,70616,4,0.0,0.6909216234655691,0.6910882423654244,0.6931471805599453,0.6926935454581643,0.518610876303184,0.5188767418148862,0.6909216234652253,0.06232799792671939,0.01861087630318399,0.06020234398477409,0.018876741814886126,0.6931471805599453
28,iid_normalized,reset_at_row_boundary,390,97,3,0.5,True,False,False,273000,67900,8,0.0,0.6892358092456363,0.689380762354592,0.6931471805599453,0.6926968581714124,0.519018315018315,0.5194108983799706,0.6892358092435179,0.10976165519755732,0.019018315018315014,0.10852568875651525,0.020014727540500734,0.6931471805599453
28,iid_normalized,reset_at_row_boundary,390,97,4,0.5,True,False,False,262080,65184,16,0.0,0.6865126669679769,0.6861780308194386,0.6931471805599453,0.6926921087828692,0.5199557387057387,0.5224901816396662,0.6865126669566574,0.18155664411787575,0.019955738705738704,0.1878391318225343,0.02376350024545901,0.6931471805599453
28,iid_normalized,reset_at_row_boundary,390,97,5,0.5,True,False,False,251160,62468,32,0.0,0.683167357725289,0.6826151007279649,0.6931471805599453,0.6926584678984083,0.5221492275840102,0.520762630466799,0.6831673576778916,0.26517809359576616,0.02214922758401019,0.27561923263720256,0.026797720432861622,0.6931471805599453
28,iid_normalized,reset_at_row_boundary,390,97,6,0.5,True,False,False,240240,59752,64,0.0,0.6792718168387907,0.6789204295700844,0.6931471805599453,0.6926137303870162,0.5245879120879121,0.5161166153434195,0.6792718166681853,0.3484454907054144,0.02458791208791209,0.35672131147540986,0.03049270317311554,0.6931471805599453
28,iid_normalized,reset_at_row_boundary,390,97,7,0.5,True,False,False,229320,57036,128,0.0,0.6756697734812133,0.6757817227098918,0.6931471805599453,0.6926144460136495,0.5269754055468341,0.5168665404306052,0.6756697729322464,0.41222444889779564,0.026975405546834117,0.4164658634538153,0.035837015218458515,0.6931471805599453
28,iid_normalized,reset_at_row_boundary,390,97,8,0.5,True,False,False,218400,54320,256,0.0,0.6729189237704231,0.6739166967744133,0.6931471805599452,0.6926462022289916,0.5308470695970696,0.5142120765832106,0.6729189218433869,0.45033417838211565,0.030847069597069596,0.45159059474412167,0.04580265095729013,0.6931471805599453
