order,context_length,statistic,variant,comparator,repetitions,mean,standard_deviation,ci95_lower,ci95_upper
16,1,gain_over_fair,balanced_rows,fair_coin,20,-0.000697514987407244,0.001166368511065372,-0.0012126347093083531,-0.00020900767059837087
16,1,gain_over_fair,hadamard,fair_coin,20,0.0,0.0,0.0,0.0
16,1,gain_over_fair,iid_normalized,fair_coin,20,5.975965109127346e-05,0.005453760434291862,-0.002135280501442249,0.002457377891599437
16,1,gain_over_fair,permuted_hadamard,fair_coin,20,0.0,0.0,0.0,0.0
16,2,gain_over_fair,balanced_rows,fair_coin,20,0.0019033679575274243,0.003690210600901039,0.0003115616080816632,0.003466574147110004
16,2,gain_over_fair,hadamard,fair_coin,20,0.002020682292183462,0.001031830324261108,0.0015178303937179339,0.0023978212160326085
16,2,gain_over_fair,iid_normalized,fair_coin,20,0.0031344014359029173,0.008218433189310117,-0.00047939784913736074,0.006460331303279899
16,2,gain_over_fair,permuted_hadamard,fair_coin,20,0.001967133408055316,0.004201206102291381,0.0002527954991056032,0.0038385162183296635
16,3,gain_over_fair,balanced_rows,fair_coin,20,0.007723460637655638,0.008625281955077432,0.004088000428219991,0.011510763653378912
16,3,gain_over_fair,hadamard,fair_coin,20,0.15550691703416825,0.009504389123911798,0.1512139235863152,0.159211832292175
16,3,gain_over_fair,iid_normalized,fair_coin,20,0.007894161431476504,0.009345558751259602,0.003958583258513912,0.011834625207505963
16,3,gain_over_fair,permuted_hadamard,fair_coin,20,0.0073589787005144906,0.010995313258754547,0.0026164810371987327,0.01211073364637377
16,4,gain_over_fair,balanced_rows,fair_coin,20,0.017239988032779985,0.017072700161567617,0.009506189753348002,0.024210105679582466
16,4,gain_over_fair,hadamard,fair_coin,20,0.20019810542654923,0.026531996447094232,0.18749233243102958,0.21012921968714884
16,4,gain_over_fair,iid_normalized,fair_coin,20,0.005330678957116008,0.012210427399651445,0.00014165003735367522,0.010666019951170488
16,4,gain_over_fair,permuted_hadamard,fair_coin,20,0.014175162134650154,0.012741248304444428,0.008905549091027429,0.019633123871140377
16,5,gain_over_fair,balanced_rows,fair_coin,20,0.017438000110439396,0.02275125024188948,0.008001087843461012,0.027262743491228144
16,5,gain_over_fair,hadamard,fair_coin,20,0.37619434482923986,0.04907083202156902,0.35462536691966046,0.3963699554317877
16,5,gain_over_fair,iid_normalized,fair_coin,20,-8.781854817507261e-05,0.016863927753629472,-0.007581981549856882,0.007182972801058999
16,5,gain_over_fair,permuted_hadamard,fair_coin,20,0.022427916160715506,0.022336442035358756,0.01312288981605837,0.032001916286985455
16,6,gain_over_fair,balanced_rows,fair_coin,20,0.008325886321167519,0.039418266966606545,-0.009198784938259326,0.02495439369493496
16,6,gain_over_fair,hadamard,fair_coin,20,0.3498863211891651,0.05120075644204951,0.32880240419919093,0.37097766450072306
16,6,gain_over_fair,iid_normalized,fair_coin,20,-0.030035803470802525,0.03180679360931063,-0.043497658520546226,-0.016928934837050335
16,6,gain_over_fair,permuted_hadamard,fair_coin,20,0.010466373314146538,0.027834958670085144,-0.0015514655064952736,0.02238728549350357
16,7,gain_over_fair,balanced_rows,fair_coin,20,-0.008164348723148728,0.045641076920438096,-0.028493185484906886,0.01018392752253429
16,7,gain_over_fair,hadamard,fair_coin,20,0.35540547249735766,0.05102901850020784,0.33190390403540077,0.375891444946001
16,7,gain_over_fair,iid_normalized,fair_coin,20,-0.07150308052622636,0.05742094003636278,-0.09706041176355454,-0.04791337611853528
16,7,gain_over_fair,permuted_hadamard,fair_coin,20,-0.029036156964659464,0.03908483697320763,-0.045694239794896,-0.011817537252050262
16,8,gain_over_fair,balanced_rows,fair_coin,20,-0.04087951010932377,0.04416868783193503,-0.060247568126133196,-0.023006154141081418
16,8,gain_over_fair,hadamard,fair_coin,20,0.3308628815057161,0.05333675897167435,0.30689431886717217,0.35248309079930634
16,8,gain_over_fair,iid_normalized,fair_coin,20,-0.087299972490929,0.041108313133115755,-0.10502472773242177,-0.06967261554261556
16,8,gain_over_fair,permuted_hadamard,fair_coin,20,-0.02538694871619986,0.050093341167049395,-0.047112064300173576,-0.004852039678128112
16,9,gain_over_fair,balanced_rows,fair_coin,20,-0.012857997966361168,0.041593077631215405,-0.030892228087723496,0.004543186760186738
16,9,gain_over_fair,hadamard,fair_coin,20,0.4572123718272045,0.08693162320025191,0.4186277329802818,0.4910075685501642
16,9,gain_over_fair,iid_normalized,fair_coin,20,-0.05080294692527141,0.03341733446074315,-0.06577959215200886,-0.03717385575451001
16,9,gain_over_fair,permuted_hadamard,fair_coin,20,-0.005514539097282662,0.04006398573734027,-0.022586181830631123,0.011383256068098705
16,10,gain_over_fair,balanced_rows,fair_coin,20,0.01583053597958086,0.023268350232925686,0.0058142107664340475,0.0256769922195622
16,10,gain_over_fair,hadamard,fair_coin,20,0.4469370411150777,0.05661635025890973,0.4216370853972637,0.4700751890973796
16,10,gain_over_fair,iid_normalized,fair_coin,20,0.0026551748168151925,0.025041131404534574,-0.007739402380307115,0.013605713082894728
16,10,gain_over_fair,permuted_hadamard,fair_coin,20,0.007982507946617395,0.038318387033405246,-0.007818839736744862,0.02456992641199194
16,11,gain_over_fair,balanced_rows,fair_coin,20,0.033957562903581,0.020548048526690173,0.025242169201723414,0.04289363047211445
16,11,gain_over_fair,hadamard,fair_coin,20,0.4820489635894473,0.048875907584099675,0.46036069252144285,0.5023213969705651
16,11,gain_over_fair,iid_normalized,fair_coin,20,0.031408478288936406,0.02024857636985039,0.022635932496974782,0.039717636994960094
16,11,gain_over_fair,permuted_hadamard,fair_coin,20,0.03321340642326688,0.031920500523972696,0.018993465776366847,0.04631864429031838
16,12,gain_over_fair,balanced_rows,fair_coin,20,0.0354637292857824,0.01691083212047019,0.02830275053281797,0.04252300698966835
16,12,gain_over_fair,hadamard,fair_coin,20,0.44737973798552505,0.04860183730707051,0.4267401991766473,0.4680192767944028
16,12,gain_over_fair,iid_normalized,fair_coin,20,0.040997429958526246,0.019865418705141705,0.03282330906562269,0.04994841045017205
16,12,gain_over_fair,permuted_hadamard,fair_coin,20,0.04439164103688016,0.02319324744316503,0.03514310587095123,0.05466982580475157
20,1,gain_over_fair,balanced_rows,fair_coin,20,-0.0006946634671601226,0.001797471115628313,-0.0015407753636373781,-4.856270681502376e-05
20,1,gain_over_fair,hadamard,fair_coin,20,0.0,0.0,0.0,0.0
20,1,gain_over_fair,iid_normalized,fair_coin,20,0.0006738158794001581,0.004478891485152006,-0.0013581198688385194,0.0024085268873844825
20,1,gain_over_fair,permuted_hadamard,fair_coin,20,0.0,0.0,0.0,0.0
20,2,gain_over_fair,balanced_rows,fair_coin,20,-0.00017394640702791953,0.0055606656946071125,-0.0026323726160749038,0.0020708658726657724
20,2,gain_over_fair,hadamard,fair_coin,20,0.003783229590169873,0.0009108250937772174,0.0034263356418823,0.004140123538457446
20,2,gain_over_fair,iid_normalized,fair_coin,20,0.0012425142999796025,0.0053011693144890785,-0.0010654879631976325,0.0034842128989880762
20,2,gain_over_fair,permuted_hadamard,fair_coin,20,0.002078723043614428,0.003537992621218557,0.0006468004956496979,0.0036524489886003327
20,3,gain_over_fair,balanced_rows,fair_coin,20,0.0010607103500906655,0.006033824940713062,-0.001508144873928265,0.003591548937886687
20,3,gain_over_fair,hadamard,fair_coin,20,0.04355399543203449,0.010409006755071323,0.0393479218462355,0.04798035553837332
20,3,gain_over_fair,iid_normalized,fair_coin,20,0.0025885288001235964,0.008936756173013097,-0.0012294923913280778,0.006404054572237664
20,3,gain_over_fair,permuted_hadamard,fair_coin,20,0.0017014468604949705,0.005972239642007611,-0.000980774734133953,0.004140243380871298
20,4,gain_over_fair,balanced_rows,fair_coin,20,0.004094850832642877,0.009822252742159173,-6.711739269941361e-05,0.008272786883315826
20,4,gain_over_fair,hadamard,fair_coin,20,0.03768046801827739,0.012706045729577174,0.0322341135043294,0.04288950547828624
20,4,gain_over_fair,iid_normalized,fair_coin,20,-0.0016186122283204651,0.00947675545482853,-0.0055373245329876745,0.0024292771080455205
20,4,gain_over_fair,permuted_hadamard,fair_coin,20,0.0038555937442718903,0.006236344675671079,0.0012449857964247928,0.006550263109260611
20,5,gain_over_fair,balanced_rows,fair_coin,20,0.008419652038010279,0.018387577133488417,0.00043481023948829014,0.016306466712966133
20,5,gain_over_fair,hadamard,fair_coin,20,0.06315367651495432,0.03317071715274251,0.04930061451169922,0.07700673851820945
20,5,gain_over_fair,iid_normalized,fair_coin,20,-0.011012079797203988,0.01520816041334916,-0.01773528601978676,-0.0048402322218671105
20,5,gain_over_fair,permuted_hadamard,fair_coin,20,-0.00114429071218205,0.020956680349210246,-0.010335360116694566,0.007542953844268766
20,6,gain_over_fair,balanced_rows,fair_coin,20,-0.009518436027410477,0.024703184682639993,-0.019744868044089054,0.0010682754569284725
20,6,gain_over_fair,hadamard,fair_coin,20,0.08021719820329484,0.04214087111149353,0.06306337396578757,0.09737102244080212
20,6,gain_over_fair,iid_normalized,fair_coin,20,-0.03277178807464199,0.028114516435968982,-0.04524343144031592,-0.021375815752331186
20,6,gain_over_fair,permuted_hadamard,fair_coin,20,-0.017869416444085785,0.0308674548923413,-0.030713422625061635,-0.004508222820598657
20,7,gain_over_fair,balanced_rows,fair_coin,20,-0.048494632071601165,0.03762198054391569,-0.06394831534895097,-0.032343945538879
20,7,gain_over_fair,hadamard,fair_coin,20,0.13358976128234873,0.04462561918650076,0.11518290428093556,0.1519966182837619
20,7,gain_over_fair,iid_normalized,fair_coin,20,-0.0776418918383335,0.02244769005367054,-0.0870880459679516,-0.06802775133514856
20,7,gain_over_fair,permuted_hadamard,fair_coin,20,-0.05540898917798913,0.04616482577692328,-0.07515822599634743,-0.0352284897860012
20,8,gain_over_fair,balanced_rows,fair_coin,20,-0.05467288724761823,0.031081736052748058,-0.06787293730953929,-0.04185544927549769
20,8,gain_over_fair,hadamard,fair_coin,20,0.17903766444692817,0.05788113955767041,0.15403477307788171,0.20350295751033504
20,8,gain_over_fair,iid_normalized,fair_coin,20,-0.08208718197734613,0.02395462609342879,-0.09257873026499747,-0.07177879661305754
20,8,gain_over_fair,permuted_hadamard,fair_coin,20,-0.0526300889646536,0.033618841623349334,-0.06770804754483657,-0.038358447130019666
20,9,gain_over_fair,balanced_rows,fair_coin,20,-0.03354451359544202,0.022514096886086434,-0.04343304076268611,-0.024263679672012334
20,9,gain_over_fair,hadamard,fair_coin,20,0.19691116811061357,0.05699654420695689,0.1726514270787851,0.22117090914244203
20,9,gain_over_fair,iid_normalized,fair_coin,20,-0.04840954049934888,0.03049822137983836,-0.06102949231527351,-0.03545350209934711
20,9,gain_over_fair,permuted_hadamard,fair_coin,20,-0.022360532717193737,0.030732184363634105,-0.03538328601331715,-0.009204423982476952
20,10,gain_over_fair,balanced_rows,fair_coin,20,-0.015807836496105027,0.01825658751340817,-0.023396125988486588,-0.007972469560615193
20,10,gain_over_fair,hadamard,fair_coin,20,0.212081282666093,0.06479972848211359,0.1839540772972666,0.23992974964956507
20,10,gain_over_fair,iid_normalized,fair_coin,20,-0.013026629186716515,0.021213583519984737,-0.02215844084060238,-0.003677154496889453
20,10,gain_over_fair,permuted_hadamard,fair_coin,20,-0.0010062061035510106,0.027981480286961194,-0.012282867338316308,0.010775710303712736
20,11,gain_over_fair,balanced_rows,fair_coin,20,0.012066902400838209,0.011809670419037757,0.007057403046196721,0.017080274351885416
20,11,gain_over_fair,hadamard,fair_coin,20,0.2392128761554902,0.06852886840244958,0.21105534554804253,0.26737040676293783
20,11,gain_over_fair,iid_normalized,fair_coin,20,0.010899144121562104,0.016655809946602117,0.003927492282325445,0.018185963123606586
20,11,gain_over_fair,permuted_hadamard,fair_coin,20,0.015919600926248688,0.016441474436857603,0.008858358588255772,0.022976180543485443
20,12,gain_over_fair,balanced_rows,fair_coin,20,0.02065264003795956,0.009662869246693505,0.016459122371233235,0.024621334104905742
20,12,gain_over_fair,hadamard,fair_coin,20,0.2409060749992869,0.06113501425668514,0.21644066495237518,0.2653714850461985
20,12,gain_over_fair,iid_normalized,fair_coin,20,0.019574413596420082,0.009885888505497546,0.01535420167396809,0.023815823172155755
20,12,gain_over_fair,permuted_hadamard,fair_coin,20,0.023832687628415623,0.00801271477597128,0.02055451709589736,0.027356889077354136
24,1,gain_over_fair,balanced_rows,fair_coin,20,-3.054582219551016e-05,5.345015278236178e-05,-5.3740218631043584e-05,-8.526692146284142e-06
24,1,gain_over_fair,hadamard,fair_coin,20,0.0,0.0,0.0,0.0
24,1,gain_over_fair,iid_normalized,fair_coin,20,0.0015702417512544365,0.0006336050472364586,0.0012944496774375703,0.0018375052541192696
24,1,gain_over_fair,permuted_hadamard,fair_coin,20,0.0,0.0,0.0,0.0
24,2,gain_over_fair,balanced_rows,fair_coin,20,0.0011448596038230341,0.0004989495886928237,0.0009190861851058731,0.0013482345868131977
24,2,gain_over_fair,hadamard,fair_coin,20,0.001736560853103758,0.0005947963009236426,0.001475618071568368,0.001978322739509262
24,2,gain_over_fair,iid_normalized,fair_coin,20,0.002866244240853422,0.0006797544054552013,0.002584780577337873,0.003163158753024856
24,2,gain_over_fair,permuted_hadamard,fair_coin,20,0.0010252916173369541,0.0007595281506486912,0.0007051236924866472,0.0013582530794785767
24,3,gain_over_fair,balanced_rows,fair_coin,20,0.0043853053343475504,0.001005698922266955,0.003944996989580414,0.004809069401030509
24,3,gain_over_fair,hadamard,fair_coin,20,0.040073494831703624,0.012082408431139606,0.03484804697597018,0.045038349264772966
24,3,gain_over_fair,iid_normalized,fair_coin,20,0.005011516641881752,0.0010810244494191684,0.004534062043329612,0.0054671809306472705
24,3,gain_over_fair,permuted_hadamard,fair_coin,20,0.00396956583438744,0.0010414784985139749,0.003518821333820283,0.004410201049837323
24,4,gain_over_fair,balanced_rows,fair_coin,20,0.010854399204203852,0.001437199783448318,0.010244323088458067,0.011451598626396093
24,4,gain_over_fair,hadamard,fair_coin,20,0.05111083099420162,0.008080302660317895,0.047485256247600936,0.054392667939128655
24,4,gain_over_fair,iid_normalized,fair_coin,20,0.008172323269412734,0.001087845538706115,0.00770115496575252,0.008643951484026016
24,4,gain_over_fair,permuted_hadamard,fair_coin,20,0.010625608246997953,0.0013236627106687868,0.010076504343587006,0.011205702081513155
24,5,gain_over_fair,balanced_rows,fair_coin,20,0.01879007533663556,0.001816826375557595,0.018011951717770713,0.01955863317077133
24,5,gain_over_fair,hadamard,fair_coin,20,0.09042885377878485,0.010883357487829105,0.08596004178152626,0.09507592546035828
24,5,gain_over_fair,iid_normalized,fair_coin,20,0.011320206948822843,0.0017074145526974596,0.010541688027154803,0.012009065339291762
24,5,gain_over_fair,permuted_hadamard,fair_coin,20,0.018414043156489257,0.0016881341794864955,0.017705218617392597,0.01916592724505541
24,6,gain_over_fair,balanced_rows,fair_coin,20,0.026213035045496314,0.0026002017250060776,0.02512235592666592,0.027330068885352186
24,6,gain_over_fair,hadamard,fair_coin,20,0.09122964315867489,0.011809630988570647,0.08604977899985683,0.09612448663095756
24,6,gain_over_fair,iid_normalized,fair_coin,20,0.01494198839624623,0.0014440336754998628,0.014315494404171172,0.015533616747124196
24,6,gain_over_fair,permuted_hadamard,fair_coin,20,0.026209690805643608,0.0019145379319917557,0.025385936079127137,0.027010091537577757
24,7,gain_over_fair,balanced_rows,fair_coin,20,0.03168626154019556,0.0028269592301402692,0.030483943575401993,0.032865588650616645
24,7,gain_over_fair,hadamard,fair_coin,20,0.15249982609128834,0.019230247770772264,0.14416799215444306,0.1605203809485314
24,7,gain_over_fair,iid_normalized,fair_coin,20,0.017367404444292724,0.0013802898068519744,0.01675821249053965,0.017932410504691406
24,7,gain_over_fair,permuted_hadamard,fair_coin,20,0.032338830697110015,0.0015038810491468607,0.031682469982576046,0.03296979553934897
24,8,gain_over_fair,balanced_rows,fair_coin,20,0.03257288579764202,0.0033580477389905414,0.0310886339484926,0.033955866895314886
24,8,gain_over_fair,hadamard,fair_coin,20,0.16572549088441907,0.01931592127392995,0.15742916798278705,0.17388269473121082
24,8,gain_over_fair,iid_normalized,fair_coin,20,0.016958634076364925,0.0022367854408623243,0.016017211976624555,0.01792593631233383
24,8,gain_over_fair,permuted_hadamard,fair_coin,20,0.03344337565852452,0.0020914133984377714,0.03247973280327895,0.03431018539073075
24,9,gain_over_fair,balanced_rows,fair_coin,20,0.028576360515590333,0.0035406852151749794,0.027038014259764778,0.030032613657431952
24,9,gain_over_fair,hadamard,fair_coin,20,0.20099334802848898,0.026488604532002528,0.18965902278591226,0.21201485086253047
24,9,gain_over_fair,iid_normalized,fair_coin,20,0.010456578365751108,0.003096238251872572,0.009127402049233816,0.011766841220583593
24,9,gain_over_fair,permuted_hadamard,fair_coin,20,0.027982465103368777,0.003428400778231319,0.026497391479976137,0.029432259368280842
24,10,gain_over_fair,balanced_rows,fair_coin,20,0.014870637681546627,0.004849281138675782,0.01273681895703763,0.016860156560499953
24,10,gain_over_fair,hadamard,fair_coin,20,0.21830995051984922,0.027158713733364325,0.20703898150774658,0.22996654765724622
24,10,gain_over_fair,iid_normalized,fair_coin,20,-0.006143020477688299,0.0042201251535060125,-0.007978863096849044,-0.004380385285914389
24,10,gain_over_fair,permuted_hadamard,fair_coin,20,0.013426212015349154,0.005001345508938711,0.01124792683391005,0.015560292307492654
24,11,gain_over_fair,balanced_rows,fair_coin,20,-0.013047690583269028,0.007592601998187842,-0.016386947426475878,-0.009841306321203641
24,11,gain_over_fair,hadamard,fair_coin,20,0.26978372572112796,0.02884294228592403,0.2577705219530032,0.2824710648717221
24,11,gain_over_fair,iid_normalized,fair_coin,20,-0.043029780244923835,0.006574236224683355,-0.04590656519710208,-0.04033507513851906
24,11,gain_over_fair,permuted_hadamard,fair_coin,20,-0.01567527128758674,0.006867702712766799,-0.018546781861573863,-0.01267770451132214
24,12,gain_over_fair,balanced_rows,fair_coin,20,-0.04538699878227168,0.00993594005574357,-0.04977148614302299,-0.041203834492603925
24,12,gain_over_fair,hadamard,fair_coin,20,0.27353777663232776,0.029346644824447897,0.26144939878226264,0.2864959746218014
24,12,gain_over_fair,iid_normalized,fair_coin,20,-0.08042034514333718,0.00945319174924789,-0.08445329587393702,-0.0763880294403305
24,12,gain_over_fair,permuted_hadamard,fair_coin,20,-0.0488369377239605,0.008027529461390216,-0.05219426178250093,-0.045323242521086986
28,1,gain_over_fair,balanced_rows,fair_coin,20,-2.5838505979813853e-06,7.636743430208654e-06,-6.0197761341101985e-06,5.622506458953509e-07
28,1,gain_over_fair,hadamard,fair_coin,20,0.0,0.0,0.0,0.0
28,1,gain_over_fair,iid_normalized,fair_coin,20,0.0012222798434519343,0.00013647867650794514,0.001162892585608702,0.0012790678796563652
28,1,gain_over_fair,permuted_hadamard,fair_coin,20,0.0,0.0,0.0,0.0
28,2,gain_over_fair,balanced_rows,fair_coin,20,0.0007078996053242082,0.00012715705228822554,0.0006525581137374521,0.0007616337714754232
28,2,gain_over_fair,hadamard,fair_coin,20,0.0021986206251010942,0.00012752282253094508,0.0021422790016234904,0.0022501608075373
28,2,gain_over_fair,iid_normalized,fair_coin,20,0.0022685452526465034,0.00022022800340514828,0.002173578830126862,0.002359699720039276
28,2,gain_over_fair,permuted_hadamard,fair_coin,20,0.0007693470071793551,0.00012205002638174863,0.0007184866168436044,0.0008213325538004036
28,3,gain_over_fair,balanced_rows,fair_coin,20,0.002971311037523011,0.0002363016743203177,0.0028715297633324656,0.003069909533248752
28,3,gain_over_fair,hadamard,fair_coin,20,0.014261243088261072,0.000438330748832025,0.014073218454541066,0.014445735073273597
28,3,gain_over_fair,iid_normalized,fair_coin,20,0.004020636395776484,0.00027661303080193245,0.003896933320899205,0.004136324994223607
28,3,gain_over_fair,permuted_hadamard,fair_coin,20,0.0030635806277908295,0.0003144387011267192,0.0029317900283914026,0.003201448584852685
28,4,gain_over_fair,balanced_rows,fair_coin,20,0.007536808790375732,0.0004276214774625828,0.007353728416974029,0.00771220056893498
28,4,gain_over_fair,hadamard,fair_coin,20,0.0467577996379909,0.0006731918305555764,0.04646751999760173,0.04703965759009825
28,4,gain_over_fair,iid_normalized,fair_coin,20,0.006644031719762178,0.0003500975536591736,0.006498028474771836,0.006797239324726433
28,4,gain_over_fair,permuted_hadamard,fair_coin,20,0.007670815787594742,0.00032824182292407736,0.00752599935538481,0.007808469113569947
28,5,gain_over_fair,balanced_rows,fair_coin,20,0.014178885252749929,0.0006428371957816675,0.013907801947045108,0.014459577371858979
28,5,gain_over_fair,hadamard,fair_coin,20,0.06771946201639942,0.0007598172646708692,0.06738764385523811,0.06804300975276803
28,5,gain_over_fair,iid_normalized,fair_coin,20,0.009901112216945063,0.0003458519835275729,0.009756827839859417,0.01005172700011889
28,5,gain_over_fair,permuted_hadamard,fair_coin,20,0.014281887162431223,0.00033005825188662255,0.014141119085830808,0.014418401943593477
28,6,gain_over_fair,balanced_rows,fair_coin,20,0.02104660503979449,0.000572375941370294,0.020809695147877654,0.021295894400633144
28,6,gain_over_fair,hadamard,fair_coin,20,0.08331713201070848,0.0010715660331392244,0.08285960530595747,0.08376350869910422
28,6,gain_over_fair,iid_normalized,fair_coin,20,0.013520590475783712,0.00033132380736868917,0.013382792828879778,0.013666805333599647
28,6,gain_over_fair,permuted_hadamard,fair_coin,20,0.021096031385504838,0.00043063676556744416,0.02091643347826736,0.021276337110108883
28,7,gain_over_fair,balanced_rows,fair_coin,20,0.026772596991655954,0.0005418520748108556,0.026537102378323896,0.02700022663001047
28,7,gain_over_fair,hadamard,fair_coin,20,0.11167897748124396,0.001727210985016515,0.11091055446805104,0.11239260481725627
28,7,gain_over_fair,iid_normalized,fair_coin,20,0.016600412613281306,0.0004349918314244599,0.016415290474828464,0.01678765524090131
28,7,gain_over_fair,permuted_hadamard,fair_coin,20,0.026711655922236604,0.00046056462101099437,0.02651359558919824,0.026905130288721484
28,8,gain_over_fair,balanced_rows,fair_coin,20,0.030327490097188565,0.0006334496205800265,0.03006307015994303,0.030595848641294474
28,8,gain_over_fair,hadamard,fair_coin,20,0.13934958511501497,0.0019380417640037172,0.13849860121918858,0.14014199499039806
28,8,gain_over_fair,iid_normalized,fair_coin,20,0.019033392457083315,0.000351488500690711,0.018884754927343726,0.01918089020142138
28,8,gain_over_fair,permuted_hadamard,fair_coin,20,0.030468228668264968,0.0004003971370930836,0.030296699946401152,0.030638837834065864
28,9,gain_over_fair,balanced_rows,fair_coin,20,0.032456974428643245,0.0005023015564527456,0.03225391985752469,0.03267451703981436
28,9,gain_over_fair,hadamard,fair_coin,20,0.15604440628927532,0.0021961882852581933,0.15512326227575857,0.15694559000514932
28,9,gain_over_fair,iid_normalized,fair_coin,20,0.020236199087677438,0.0003967907876015905,0.02006225850345032,0.020403747891153762
28,9,gain_over_fair,permuted_hadamard,fair_coin,20,0.032666041591549774,0.0003936113648370829,0.03249646790156367,0.03283548770770829
28,10,gain_over_fair,balanced_rows,fair_coin,20,0.03315434084287096,0.0006773608189372119,0.03286073984001083,0.03344584425846235
28,10,gain_over_fair,hadamard,fair_coin,20,0.18976606622273567,0.003098819216931222,0.1884561543232607,0.19108885700462072
28,10,gain_over_fair,iid_normalized,fair_coin,20,0.020073544440870915,0.000504024994200958,0.019854761463305604,0.020283605694809293
28,10,gain_over_fair,permuted_hadamard,fair_coin,20,0.033561435892395186,0.00039690390338210175,0.033393934283935924,0.033730209028397976
28,11,gain_over_fair,balanced_rows,fair_coin,20,0.03217713182068298,0.0007612130025890282,0.031849932647967885,0.032497739407032704
28,11,gain_over_fair,hadamard,fair_coin,20,0.21780284771476985,0.0037728452111115826,0.21624183681659448,0.2194121612815515
28,11,gain_over_fair,iid_normalized,fair_coin,20,0.01801671405754826,0.0005350544626081386,0.01779551744743027,0.018248278391873395
28,11,gain_over_fair,permuted_hadamard,fair_coin,20,0.03270492326967125,0.0006253818821267483,0.03243323298078552,0.032966588165190866
28,12,gain_over_fair,balanced_rows,fair_coin,20,0.02826651972144132,0.0009813939350544376,0.027859268739403593,0.028700511360860697
28,12,gain_over_fair,hadamard,fair_coin,20,0.24623849290898123,0.00485968848136604,0.24426589127044102,0.2484142419408374
28,12,gain_over_fair,iid_normalized,fair_coin,20,0.01208680175508801,0.0007366556096687952,0.011786443063237968,0.01240407625831744
28,12,gain_over_fair,permuted_hadamard,fair_coin,20,0.02880222652476792,0.000864505288244891,0.0284287548900856,0.029169821022568692
16,1,paired_gain_difference,hadamard,permuted_hadamard,20,0.0,0.0,0.0,0.0
16,1,paired_gain_difference,permuted_hadamard,balanced_rows,20,0.000697514987407244,0.001166368511065372,0.00020599108094087633,0.0012104231792283966
16,1,paired_gain_difference,hadamard,balanced_rows,20,0.000697514987407244,0.001166368511065372,0.00021334385110393183,0.0012045367650329437
16,1,paired_gain_difference,hadamard,iid_normalized,20,-5.975965109127346e-05,0.005453760434291862,-0.002540699914988763,0.0022088190919995845
16,2,paired_gain_difference,hadamard,permuted_hadamard,20,5.354888412814618e-05,0.00405103283544465,-0.0017440615556233773,0.001747827697744549
16,2,paired_gain_difference,permuted_hadamard,balanced_rows,20,6.376545052789174e-05,0.005265400832198913,-0.002133969546154506,0.0023727693492250892
16,2,paired_gain_difference,hadamard,balanced_rows,20,0.00011731433465603792,0.003939078741086757,-0.0015463302024439577,0.0017946278871694094
16,2,paired_gain_difference,hadamard,iid_normalized,20,-0.001113719143719455,0.008104875086376277,-0.0044343766960782734,0.002462565917078445
16,3,paired_gain_difference,hadamard,permuted_hadamard,20,0.14814793833365375,0.0137545293858363,0.14213652392996518,0.15401131218295427
16,3,paired_gain_difference,permuted_hadamard,balanced_rows,20,-0.00036448193714114783,0.014444028091428371,-0.0068172754923895755,0.0054019385160172986
16,3,paired_gain_difference,hadamard,balanced_rows,20,0.1477834563965126,0.013294218403918687,0.1419194266595848,0.1533490097423279
16,3,paired_gain_difference,hadamard,iid_normalized,20,0.14761275560269174,0.010953320107137215,0.14296482917033054,0.15227817653523754
16,4,paired_gain_difference,hadamard,permuted_hadamard,20,0.18602294329189908,0.027599787183238713,0.17383809331126956,0.19731295787671393
16,4,paired_gain_difference,permuted_hadamard,balanced_rows,20,-0.0030648258981298302,0.021373675090223896,-0.012130776466769251,0.006251492406414815
16,4,paired_gain_difference,hadamard,balanced_rows,20,0.18295811739376927,0.02825372239130185,0.16988768997259948,0.19389337417149322
16,4,paired_gain_difference,hadamard,iid_normalized,20,0.19486742646943325,0.029180506095187075,0.18166700687952375,0.20656361595351735
16,5,paired_gain_difference,hadamard,permuted_hadamard,20,0.35376642866852437,0.053234971231637215,0.33138380335704926,0.3757778047490008
16,5,paired_gain_difference,permuted_hadamard,balanced_rows,20,0.004989916050276111,0.029506386985293946,-0.008143363395122288,0.016911307597048324
16,5,paired_gain_difference,hadamard,balanced_rows,20,0.35875634471880047,0.06188299066666859,0.3324684463276011,0.3847268729750505
16,5,paired_gain_difference,hadamard,iid_normalized,20,0.37628216337741494,0.05414660798446529,0.35257858531809516,0.3991439342814227
16,6,paired_gain_difference,hadamard,permuted_hadamard,20,0.3394199478750186,0.0610430383312288,0.3130173619989588,0.3648723024961475
16,6,paired_gain_difference,permuted_hadamard,balanced_rows,20,0.002140486992979018,0.05214519789616639,-0.020590438358590514,0.024036206984492405
16,6,paired_gain_difference,hadamard,balanced_rows,20,0.3415604348679976,0.07922974193267898,0.307333638898734,0.375259972857911
16,6,paired_gain_difference,hadamard,iid_normalized,20,0.37992212465996766,0.060026371940589435,0.35410246773315646,0.4055100226988425
16,7,paired_gain_difference,hadamard,permuted_hadamard,20,0.3844416294620171,0.06600647705739592,0.3555631036484065,0.41139858791743017
16,7,paired_gain_difference,permuted_hadamard,balanced_rows,20,-0.020871808241510737,0.07101749291467425,-0.05099049664074047,0.009874176237060505
16,7,paired_gain_difference,hadamard,balanced_rows,20,0.36356982122050635,0.07807414270475199,0.33092018132700396,0.39719871383275257
16,7,paired_gain_difference,hadamard,iid_normalized,20,0.426908553023584,0.06982205846900019,0.39843285348228974,0.45763270212689494
16,8,paired_gain_difference,hadamard,permuted_hadamard,20,0.356249830221916,0.0812833095772569,0.32139900984294795,0.3899669015507185
16,8,paired_gain_difference,permuted_hadamard,balanced_rows,20,0.015492561393123916,0.07058890642245107,-0.014849090321772264,0.04556962781559718
16,8,paired_gain_difference,hadamard,balanced_rows,20,0.3717423916150399,0.08204292644934205,0.3357327783592748,0.40559697572367437
16,8,paired_gain_difference,hadamard,iid_normalized,20,0.4181628539966451,0.06492189886767653,0.3899256366435916,0.44571902404981634
16,9,paired_gain_difference,hadamard,permuted_hadamard,20,0.4627269109244872,0.09429224522667562,0.42088662175532615,0.5009488347715463
16,9,paired_gain_difference,permuted_hadamard,balanced_rows,20,0.007343458869078506,0.060575834066241334,-0.01848038047241479,0.033918063580577223
16,9,paired_gain_difference,hadamard,balanced_rows,20,0.47007036979356565,0.10699730881388134,0.4233257438728715,0.5127861136612752
16,9,paired_gain_difference,hadamard,iid_normalized,20,0.5080153187524759,0.09563778858401159,0.46582679715893793,0.5465605919653227
16,10,paired_gain_difference,hadamard,permuted_hadamard,20,0.43895453316846034,0.06406506754849735,0.4106820499076472,0.46571385159297757
16,10,paired_gain_difference,permuted_hadamard,balanced_rows,20,-0.007848028032963467,0.049365212866198764,-0.02824918811473007,0.013601713028085886
16,10,paired_gain_difference,hadamard,balanced_rows,20,0.43110650513549686,0.0664332382484289,0.4013506398342834,0.45844312013511584
16,10,paired_gain_difference,hadamard,iid_normalized,20,0.4442818662982626,0.04982398392403907,0.4227404183283523,0.46511511767615743
16,11,paired_gain_difference,hadamard,permuted_hadamard,20,0.44883555716618034,0.043996493955163224,0.4301704663512086,0.467687403629034
16,11,paired_gain_difference,permuted_hadamard,balanced_rows,20,-0.0007441564803141176,0.040784121069069174,-0.018657106592100157,0.015504786000573775
16,11,paired_gain_difference,hadamard,balanced_rows,20,0.4480914006858662,0.052293517987829226,0.4249344444063063,0.46926408588095697
16,11,paired_gain_difference,hadamard,iid_normalized,20,0.4506404853005108,0.057052024031926836,0.4256312380902003,0.47450220883636973
16,12,paired_gain_difference,hadamard,permuted_hadamard,20,0.4029880969486449,0.05245525857638973,0.38193034904037587,0.4262693778556355
16,12,paired_gain_difference,permuted_hadamard,balanced_rows,20,0.00892791175109776,0.02424360340273819,-0.0014957312623349634,0.019337331507930294
16,12,paired_gain_difference,hadamard,balanced_rows,20,0.4119160086997426,0.052005916682986264,0.39002362268406604,0.43465099270110963
16,12,paired_gain_difference,hadamard,iid_normalized,20,0.4063823080269987,0.056672838561206,0.3827920024063808,0.43111675515389425
20,1,paired_gain_difference,hadamard,permuted_hadamard,20,0.0,0.0,0.0,0.0
20,1,paired_gain_difference,permuted_hadamard,balanced_rows,20,0.0006946634671601226,0.001797471115628313,4.304900730806299e-05,0.0015599524035286893
20,1,paired_gain_difference,hadamard,balanced_rows,20,0.0006946634671601226,0.001797471115628313,3.949775546816547e-05,0.0015386319302982195
20,1,paired_gain_difference,hadamard,iid_normalized,20,-0.0006738158794001581,0.004478891485152006,-0.002414211089439377,0.0013011431946822769
20,2,paired_gain_difference,hadamard,permuted_hadamard,20,0.0017045065465554454,0.0034679770165276518,0.00017082022467334421,0.0031330665408113465
20,2,paired_gain_difference,permuted_hadamard,balanced_rows,20,0.0022526694506423473,0.0071267625471618445,-0.0008105953625414888,0.005388024737976883
20,2,paired_gain_difference,hadamard,balanced_rows,20,0.0039571759971977925,0.005819678118723078,0.0015078827325102518,0.006551170416193685
20,2,paired_gain_difference,hadamard,iid_normalized,20,0.002540715290190271,0.005271688187202304,0.0002521863203338248,0.004813083340097396
20,3,paired_gain_difference,hadamard,permuted_hadamard,20,0.04185254857153951,0.011350484604464493,0.03697710732093204,0.04668515083812796
20,3,paired_gain_difference,permuted_hadamard,balanced_rows,20,0.000640736510404305,0.00783699063258966,-0.002594166041689543,0.00405622107559715
20,3,paired_gain_difference,hadamard,balanced_rows,20,0.04249328508194382,0.011120672740404652,0.037618082722829765,0.047216127263108566
20,3,paired_gain_difference,hadamard,iid_normalized,20,0.04096546663191089,0.01405719458792249,0.03486046121009376,0.0470816299124397
20,4,paired_gain_difference,hadamard,permuted_hadamard,20,0.033824874274005504,0.014482479284932938,0.027702272902079828,0.03999712426802372
20,4,paired_gain_difference,permuted_hadamard,balanced_rows,20,-0.00023925708837098657,0.009903192371781347,-0.004520657424216097,0.003866770616297686
20,4,paired_gain_difference,hadamard,balanced_rows,20,0.03358561718563451,0.016527739427658217,0.02663435352374155,0.040656504411682136
20,4,paired_gain_difference,hadamard,iid_normalized,20,0.03929908024659785,0.018051949471563418,0.03142380941640686,0.04694564421953345
20,5,paired_gain_difference,hadamard,permuted_hadamard,20,0.06429796722713636,0.04303091203334639,0.04623425234774914,0.08267408621048414
20,5,paired_gain_difference,permuted_hadamard,balanced_rows,20,-0.009563942750192327,0.027531937362205394,-0.021593935369451752,0.0024111197792545335
20,5,paired_gain_difference,hadamard,balanced_rows,20,0.054734024476944046,0.04205579747279637,0.03686034231165568,0.07269429633768948
20,5,paired_gain_difference,hadamard,iid_normalized,20,0.07416575631215831,0.04025098669878438,0.0566394555446403,0.09083298989101359
20,6,paired_gain_difference,hadamard,permuted_hadamard,20,0.09808661464738064,0.056949152984523854,0.0736878729422708,0.12246892066614641
20,6,paired_gain_difference,permuted_hadamard,balanced_rows,20,-0.008350980416675308,0.041827954505180426,-0.026812746029950124,0.009279125017981503
20,6,paired_gain_difference,hadamard,balanced_rows,20,0.08973563423070532,0.05398405799353876,0.06661801017344585,0.11289775631502191
20,6,paired_gain_difference,hadamard,iid_normalized,20,0.11298898627793688,0.061971358721551385,0.08708532017491961,0.13968747186851904
20,7,paired_gain_difference,hadamard,permuted_hadamard,20,0.18899875046033784,0.07062903566418582,0.1588032961104825,0.21848394610483762
20,7,paired_gain_difference,permuted_hadamard,balanced_rows,20,-0.006914357106387959,0.06024247676593323,-0.03344921752146853,0.018173825786846797
20,7,paired_gain_difference,hadamard,balanced_rows,20,0.18208439335394985,0.06499879202639164,0.15471504233886582,0.20956451335035817
20,7,paired_gain_difference,hadamard,iid_normalized,20,0.2112316531206822,0.05160677452526092,0.18907239402590684,0.23271908825877877
20,8,paired_gain_difference,hadamard,permuted_hadamard,20,0.23166775341158172,0.07764615676909947,0.19914028892682992,0.26525982456555597
20,8,paired_gain_difference,permuted_hadamard,balanced_rows,20,0.00204279828296462,0.0422291533670655,-0.01569125654850461,0.0201606202601036
20,8,paired_gain_difference,hadamard,balanced_rows,20,0.2337105516945464,0.07402296539395259,0.20170247194676502,0.26505303411843173
20,8,paired_gain_difference,hadamard,iid_normalized,20,0.26112484642427425,0.05974544717237935,0.23559274599400865,0.2865594058826785
20,9,paired_gain_difference,hadamard,permuted_hadamard,20,0.21927170082780734,0.07014723745895857,0.18916893119824627,0.24950377828225867
20,9,paired_gain_difference,permuted_hadamard,balanced_rows,20,0.011183980878248284,0.03730983517879287,-0.004260203392278094,0.02734116257408725
20,9,paired_gain_difference,hadamard,balanced_rows,20,0.2304556817060556,0.06711993643005987,0.2017579227547621,0.25809561573377754
20,9,paired_gain_difference,hadamard,iid_normalized,20,0.24532070860996252,0.06508591822312906,0.2177159643019654,0.2735167500409908
20,10,paired_gain_difference,hadamard,permuted_hadamard,20,0.21308748876964403,0.06894109853477544,0.18288324563983716,0.2422464185994908
20,10,paired_gain_difference,permuted_hadamard,balanced_rows,20,0.014801630392554017,0.03316947580151772,0.00035017912621794527,0.028678664520316966
20,10,paired_gain_difference,hadamard,balanced_rows,20,0.22788911916219806,0.07138080539290104,0.19712583493565208,0.2580107542254497
20,10,paired_gain_difference,hadamard,iid_normalized,20,0.2251079118528095,0.06516327630716706,0.19815204943037873,0.25292059938114403
20,11,paired_gain_difference,hadamard,permuted_hadamard,20,0.22329327522924144,0.06866697543772946,0.19356152434897367,0.25164899009087893
20,11,paired_gain_difference,permuted_hadamard,balanced_rows,20,0.0038526985254104806,0.017474519487667088,-0.003947435340268483,0.011193186166749103
20,11,paired_gain_difference,hadamard,balanced_rows,20,0.22714597375465195,0.0668709268331763,0.19820261010938148,0.25496467333832434
20,11,paired_gain_difference,hadamard,iid_normalized,20,0.22831373203392805,0.07291976194974692,0.19706343133446672,0.2591962162796433
20,12,paired_gain_difference,hadamard,permuted_hadamard,20,0.21707338737087123,0.062087971457536625,0.19002610663345337,0.2431873278508693
20,12,paired_gain_difference,permuted_hadamard,balanced_rows,20,0.0031800475904560643,0.010049626114620921,-0.001054494150933851,0.0075859289171784205
20,12,paired_gain_difference,hadamard,balanced_rows,20,0.22025343496132727,0.0600168300297793,0.194960364077638,0.24555276071684884
20,12,paired_gain_difference,hadamard,iid_normalized,20,0.22133166140286673,0.0626151446828135,0.19455067558573758,0.2469001086377504
24,1,paired_gain_difference,hadamard,permuted_hadamard,20,0.0,0.0,0.0,0.0
24,1,paired_gain_difference,permuted_hadamard,balanced_rows,20,3.054582219551016e-05,5.345015278236178e-05,7.792679572232593e-06,5.324822330672135e-05
24,1,paired_gain_difference,hadamard,balanced_rows,20,3.054582219551016e-05,5.345015278236178e-05,8.21044386958861e-06,5.416799896889116e-05
24,1,paired_gain_difference,hadamard,iid_normalized,20,-0.0015702417512544365,0.0006336050472364586,-0.0018327242073151258,-0.0012897739757272769
24,2,paired_gain_difference,hadamard,permuted_hadamard,20,0.0007112692357668038,0.0008386135853613791,0.00034898958468179193,0.0010552089681491149
24,2,paired_gain_difference,permuted_hadamard,balanced_rows,20,-0.00011956798648607992,0.0008699116357228321,-0.0005088921129970397,0.00023737469839278275
24,2,paired_gain_difference,hadamard,balanced_rows,20,0.0005917012492807239,0.0006406694623999223,0.00031242290492641773,0.0008660023781004465
24,2,paired_gain_difference,hadamard,iid_normalized,20,-0.0011296833877496638,0.0008548073455646854,-0.0015030095661035174,-0.0007634952612732732
24,3,paired_gain_difference,hadamard,permuted_hadamard,20,0.03610392899731618,0.012295053020819022,0.030882588265735297,0.0411461160344156
24,3,paired_gain_difference,permuted_hadamard,balanced_rows,20,-0.0004157394999601105,0.001637969257513403,-0.0011051435700384217,0.00029607966385705384
24,3,paired_gain_difference,hadamard,balanced_rows,20,0.03568818949735607,0.012187992179741348,0.030406222695912543,0.04081474249203898
24,3,paired_gain_difference,hadamard,iid_normalized,20,0.03506197818982187,0.012297717574811191,0.029725542862037754,0.04010801113206362
24,4,paired_gain_difference,hadamard,permuted_hadamard,20,0.04048522274720366,0.00844858073263043,0.0367812597170411,0.043983339412183145
24,4,paired_gain_difference,permuted_hadamard,balanced_rows,20,-0.0002287909572058988,0.0021412119569765393,-0.0011225428195349712,0.0006804791853742899
24,4,paired_gain_difference,hadamard,balanced_rows,20,0.04025643178999776,0.008150506439209648,0.03660778484350064,0.043574830182460694
24,4,paired_gain_difference,hadamard,iid_normalized,20,0.042938507724788876,0.008264480236863478,0.039215015583342165,0.04634984871557177
24,5,paired_gain_difference,hadamard,permuted_hadamard,20,0.07201481062229557,0.01102708850990277,0.0674204576725488,0.07682148236345901
24,5,paired_gain_difference,permuted_hadamard,balanced_rows,20,-0.0003760321801463018,0.0029614203576585874,-0.001636578682798358,0.0009187209808665494
24,5,paired_gain_difference,hadamard,balanced_rows,20,0.07163877844214928,0.010684277471930043,0.06709650803753787,0.0763462474168902
24,5,paired_gain_difference,hadamard,iid_normalized,20,0.07910864682996202,0.011307165035898434,0.07429867418327579,0.08398405637008795
24,6,paired_gain_difference,hadamard,permuted_hadamard,20,0.06501995235303129,0.011819848904112473,0.05990128067942078,0.06983995313649236
24,6,paired_gain_difference,permuted_hadamard,balanced_rows,20,-3.344239852703934e-06,0.0035607583252917564,-0.0015308735891662612,0.0015306216786000202
24,6,paired_gain_difference,hadamard,balanced_rows,20,0.06501660811317858,0.012052200695326601,0.05979936845165279,0.07015557251204504
24,6,paired_gain_difference,hadamard,iid_normalized,20,0.07628765476242864,0.012379601453159491,0.07089954536718322,0.08139159557854289
24,7,paired_gain_difference,hadamard,permuted_hadamard,20,0.12016099539417838,0.019152130173210154,0.11198752548671796,0.12812045253097465
24,7,paired_gain_difference,permuted_hadamard,balanced_rows,20,0.0006525691569144509,0.0031989646188809594,-0.0006776010559292764,0.0020086288588531207
24,7,paired_gain_difference,hadamard,balanced_rows,20,0.1208135645510928,0.019380442995264487,0.11278280765763951,0.12903614013174747
24,7,paired_gain_difference,hadamard,iid_normalized,20,0.13513242164699565,0.019910169436142808,0.12660789643644974,0.14352855168836579
24,8,paired_gain_difference,hadamard,permuted_hadamard,20,0.13228211522589456,0.019499277739609806,0.12394164503572665,0.14076912193011715
24,8,paired_gain_difference,permuted_hadamard,balanced_rows,20,0.0008704898608824952,0.004093685438992846,-0.0008256144813053506,0.002682189989762841
24,8,paired_gain_difference,hadamard,balanced_rows,20,0.1331526050867771,0.019127814905138193,0.12484224687600948,0.14114669823335
24,8,paired_gain_difference,hadamard,iid_normalized,20,0.14876685680805415,0.020119915413115353,0.14003732051782025,0.1571218918412993
24,9,paired_gain_difference,hadamard,permuted_hadamard,20,0.17301088292512018,0.026159964255428058,0.16193998478715482,0.18425495866441277
24,9,paired_gain_difference,permuted_hadamard,balanced_rows,20,-0.0005938954122215567,0.005154603949488974,-0.002729835232869937,0.0016022797154744094
24,9,paired_gain_difference,hadamard,balanced_rows,20,0.17241698751289863,0.026472583248456524,0.161418774435089,0.18358733025246105
24,9,paired_gain_difference,hadamard,iid_normalized,20,0.19053676966273786,0.02665889300802835,0.17934857553993133,0.20186525086529356
24,10,paired_gain_difference,hadamard,permuted_hadamard,20,0.2048837385045001,0.028397029381331554,0.19294365391361545,0.21722461199236268
24,10,paired_gain_difference,permuted_hadamard,balanced_rows,20,-0.0014444256661974742,0.007061189392666988,-0.0044550554339561205,0.0017173002490664462
24,10,paired_gain_difference,hadamard,balanced_rows,20,0.20343931283830266,0.0273633679477104,0.1920079188181856,0.2150465691026385
24,10,paired_gain_difference,hadamard,iid_normalized,20,0.22445297099753753,0.026909973759776263,0.21304077770637747,0.23582791989536028
24,11,paired_gain_difference,hadamard,permuted_hadamard,20,0.28545899700871463,0.02972142852143168,0.273078519704558,0.29870226915170295
24,11,paired_gain_difference,permuted_hadamard,balanced_rows,20,-0.0026275807043177114,0.009184463758894644,-0.0062832794783183035,0.0016116005447461843
24,11,paired_gain_difference,hadamard,balanced_rows,20,0.28283141630439695,0.028508027417310372,0.2709725937930594,0.29521095829849997
24,11,paired_gain_difference,hadamard,iid_normalized,20,0.31281350596605173,0.02720694882899113,0.300978328281356,0.3242964665677765
24,12,paired_gain_difference,hadamard,permuted_hadamard,20,0.3223747143562883,0.02959881218158936,0.3098724859582618,0.3351521972623783
24,12,paired_gain_difference,permuted_hadamard,balanced_rows,20,-0.003449938941688818,0.012176018165545924,-0.008550185236492633,0.0018760587875587497
24,12,paired_gain_difference,hadamard,balanced_rows,20,0.31892477541459946,0.03131670084614444,0.3055353701555084,0.3325531558547609
24,12,paired_gain_difference,hadamard,iid_normalized,20,0.353958121775665,0.0269595939568226,0.3426601213170236,0.3655604243964154
28,1,paired_gain_difference,hadamard,permuted_hadamard,20,0.0,0.0,0.0,0.0
28,1,paired_gain_difference,permuted_hadamard,balanced_rows,20,2.5838505979813853e-06,7.636743430208654e-06,-5.263733048699312e-07,5.962601052406091e-06
28,1,paired_gain_difference,hadamard,balanced_rows,20,2.5838505979813853e-06,7.636743430208654e-06,-4.77237860559282e-07,5.9970373821223435e-06
28,1,paired_gain_difference,hadamard,iid_normalized,20,-0.0012222798434519343,0.00013647867650794514,-0.0012782766044381348,-0.001162009328143404
28,2,paired_gain_difference,hadamard,permuted_hadamard,20,0.0014292736179217392,0.00017775372200602206,0.0013491916122783288,0.0015039142523109873
28,2,paired_gain_difference,permuted_hadamard,balanced_rows,20,6.144740185514696e-05,0.0001471702117159875,-3.119892831987541e-06,0.00012443596027855537
28,2,paired_gain_difference,hadamard,balanced_rows,20,0.001490721019776886,0.00019854400376258753,0.0014054374202335026,0.0015732175340854404
28,2,paired_gain_difference,hadamard,iid_normalized,20,-6.992462754540907e-05,0.00024098136437404372,-0.00017376443764279117,3.346343769100646e-05
28,3,paired_gain_difference,hadamard,permuted_hadamard,20,0.011197662460470242,0.0006004115119653575,0.010935264266401528,0.011451013678988613
28,3,paired_gain_difference,permuted_hadamard,balanced_rows,20,9.226959026781834e-05,0.0003299206253605674,-4.7349938575474926e-05,0.00023150906215675936
28,3,paired_gain_difference,hadamard,balanced_rows,20,0.01128993205073806,0.0005376796090343795,0.011057451517786742,0.011518666499372705
28,3,paired_gain_difference,hadamard,iid_normalized,20,0.010240606692484588,0.0004898359485158491,0.01003062640130041,0.010448698658581038
28,4,paired_gain_difference,hadamard,permuted_hadamard,20,0.039086983850396155,0.0007828536189202968,0.038731613315336894,0.03939296706470242
28,4,paired_gain_difference,permuted_hadamard,balanced_rows,20,0.00013400699721901054,0.0003736611296776804,-2.636171287591428e-05,0.0002974421735134858
28,4,paired_gain_difference,hadamard,balanced_rows,20,0.03922099084761517,0.0008638460305145975,0.038832076597007735,0.039568868614641664
28,4,paired_gain_difference,hadamard,iid_normalized,20,0.040113767918228724,0.0005915204761188797,0.03986667768627102,0.04036720801415329
28,5,paired_gain_difference,hadamard,permuted_hadamard,20,0.05343757485396818,0.0009383943867554244,0.05305135015839297,0.05384523193144035
28,5,paired_gain_difference,permuted_hadamard,balanced_rows,20,0.00010300190968129397,0.0007289975738945225,-0.00020513180482906098,0.00040959794411652475
28,5,paired_gain_difference,hadamard,balanced_rows,20,0.0535405767636495,0.0009002845150339031,0.05314348170929354,0.0539129637675259
28,5,paired_gain_difference,hadamard,iid_normalized,20,0.05781834979945435,0.0008230897847248338,0.05746156669862024,0.058146438014201156
28,6,paired_gain_difference,hadamard,permuted_hadamard,20,0.062221100625203626,0.0009939209570008212,0.061801579258388896,0.06263743294387615
28,6,paired_gain_difference,permuted_hadamard,balanced_rows,20,4.9426345710346097e-05,0.0006974468374559949,-0.0002528254766205578,0.0003462232685482804
28,6,paired_gain_difference,hadamard,balanced_rows,20,0.062270526970913995,0.001243825842087103,0.06174796362456258,0.06279512628637607
28,6,paired_gain_difference,hadamard,iid_normalized,20,0.06979654153492476,0.0011310684890453071,0.06930558969995464,0.07026580735601935
28,7,paired_gain_difference,hadamard,permuted_hadamard,20,0.08496732155900735,0.001731980516796705,0.08423217151633684,0.08569198051740419
28,7,paired_gain_difference,permuted_hadamard,balanced_rows,20,-6.094106941935129e-05,0.0006075186839025964,-0.00031987452472595365,0.00019832310756281258
28,7,paired_gain_difference,hadamard,balanced_rows,20,0.08490638048958801,0.0017293497111739004,0.08414733588311381,0.08561487764179815
28,7,paired_gain_difference,hadamard,iid_normalized,20,0.09507856486796265,0.0018979972219028344,0.09425252899358655,0.09587500128710176
28,8,paired_gain_difference,hadamard,permuted_hadamard,20,0.10888135644674998,0.0019055720127107332,0.1080359370829898,0.10968278578007765
28,8,paired_gain_difference,permuted_hadamard,balanced_rows,20,0.0001407385710764042,0.000885058066601829,-0.0002350655026175718,0.0005182828591753679
28,8,paired_gain_difference,hadamard,balanced_rows,20,0.1090220950178264,0.0021355297621294396,0.10807119898984134,0.1098816136495103
28,8,paired_gain_difference,hadamard,iid_normalized,20,0.12031619265793166,0.0020450269857178374,0.11941364198811898,0.12119446904334581
28,9,paired_gain_difference,hadamard,permuted_hadamard,20,0.12337836469772553,0.0021381649534638354,0.1224570769845854,0.1242703298267031
28,9,paired_gain_difference,permuted_hadamard,balanced_rows,20,0.00020906716290653438,0.0006934543553838993,-8.184590451891738e-05,0.0005058511092316591
28,9,paired_gain_difference,hadamard,balanced_rows,20,0.12358743186063206,0.002167937693476011,0.12266000970889912,0.12448594326737178
28,9,paired_gain_difference,hadamard,iid_normalized,20,0.1358082072015979,0.0022713144622703656,0.13481523436495077,0.1367339238014584
28,10,paired_gain_difference,hadamard,permuted_hadamard,20,0.15620463033034043,0.0032079424553267412,0.15481654511577359,0.1575671002565277
28,10,paired_gain_difference,permuted_hadamard,balanced_rows,20,0.0004070950495242309,0.0008384315810818709,3.9347414004522336e-05,0.0007701241264002123
28,10,paired_gain_difference,hadamard,balanced_rows,20,0.15661172537986467,0.0030294657733846014,0.1553055638226631,0.15793820257907223
28,10,paired_gain_difference,hadamard,iid_normalized,20,0.1696925217818647,0.0031195973340596528,0.16836537456657066,0.17105300035912635
28,11,paired_gain_difference,hadamard,permuted_hadamard,20,0.18509792444509862,0.003847268665896177,0.18351733639031192,0.1867933307241598
28,11,paired_gain_difference,permuted_hadamard,balanced_rows,20,0.0005277914489882684,0.0010857774579835554,6.0422916083832156e-05,0.0010025307087448275
28,11,paired_gain_difference,hadamard,balanced_rows,20,0.18562571589408688,0.003773501991499264,0.1840980920031942,0.18728006917204532
28,11,paired_gain_difference,hadamard,iid_normalized,20,0.19978613365722162,0.0039845055759615625,0.19816931226050244,0.20150574915569688
28,12,paired_gain_difference,hadamard,permuted_hadamard,20,0.21743626638421332,0.004958121621288697,0.2153983043512489,0.21958575181836623
28,12,paired_gain_difference,permuted_hadamard,balanced_rows,20,0.0005357068033266021,0.001514375878752157,-0.00012571929549651766,0.001191084794994575
28,12,paired_gain_difference,hadamard,balanced_rows,20,0.21797197318753994,0.004645648217805882,0.21606990506704365,0.22000916062390782
28,12,paired_gain_difference,hadamard,iid_normalized,20,0.23415169115389323,0.005024524505406737,0.2319914024838359,0.2363550280538134
