order,presentation,block_size,stage,policy,repetitions,mean_states,mean_feasible_candidates,mean_percentile,mean_percentile_minus_random,percentile_effect_ci95_lower,percentile_effect_ci95_upper,mean_reciprocal_rank,mean_top_decile_rate,mean_expected_top1_rate
24,catalog,2,early,all_pair_product,20,500.0,4.0,0.584575,0.08457500000000003,0.08167468750000001,0.08737500000000002,0.6010554761904761,0.3246,0.38099999999999995
24,catalog,2,early,balance_only,20,500.0,4.0,0.5367125,0.03671249999999999,0.03552499999999999,0.03789999999999999,0.499936904761903,0.0,0.27270000000000005
24,catalog,2,early,balance_pressured_pair,20,500.0,4.0,0.4759125,-0.024087500000000005,-0.02768781250000001,-0.020587500000000005,0.5215592857142858,0.2473,0.31989999999999996
24,catalog,2,early,balance_random_pair,20,500.0,4.0,0.5207125,0.020712500000000012,0.018337500000000017,0.023225000000000006,0.505731666666666,0.08680000000000002,0.29072499999999996
24,catalog,2,early,minimum_max_pressure,20,500.0,4.0,0.4431625,-0.0568375,-0.0617125,-0.05186250000000001,0.49616095238095204,0.24769999999999998,0.30504166666666666
24,catalog,2,early,random_order,20,500.0,4.0,0.5,0.0,0.0,0.0,0.4000000000000036,0.0,0.25
24,catalog,2,middle,all_pair_product,20,463.6,3.996851922507255,0.6431118928844636,0.14311189288446352,0.1365726029741116,0.1501646203512885,0.6765950068803239,0.4439556174576434,0.5018418473788587
24,catalog,2,middle,balance_only,20,463.6,3.996851922507255,0.5507556289650175,0.05075562896501755,0.04766262738674671,0.05385174609960825,0.5099955677065025,0.010093347887174354,0.28488216161514873
24,catalog,2,middle,balance_pressured_pair,20,463.6,3.996851922507255,0.5496138786230675,0.04961387862306755,0.0428494116885977,0.05658075095897948,0.5791449953666157,0.2914227702659494,0.38724477354741976
24,catalog,2,middle,balance_random_pair,20,463.6,3.996851922507255,0.5570227021622329,0.05702270216223297,0.05068994801544453,0.0631834429581515,0.5386837893763727,0.12699003158409405,0.33437432252811644
24,catalog,2,middle,minimum_max_pressure,20,463.6,3.996851922507255,0.5960489902029779,0.09604899020297786,0.08858060750423022,0.10330124409819189,0.6410870999442535,0.4064411891308981,0.5003595225388718
24,catalog,2,middle,random_order,20,463.6,3.996851922507255,0.5,0.0,0.0,0.0,0.4003148077492777,0.0,0.25026233979106194
24,catalog,4,early,all_pair_product,20,264.0,16.0,0.6328420928030302,0.13284209280303028,0.1281603633996212,0.13767163825757575,0.3893115457798872,0.3416666666666666,0.24412878787878783
24,catalog,4,early,balance_only,20,264.0,16.0,0.6227687026515152,0.12276870265151515,0.11838304924242422,0.12722537878787876,0.21557911060318516,0.0,0.10741792929292955
24,catalog,4,early,balance_pressured_pair,20,264.0,16.0,0.5353693181818181,0.03536931818181817,0.03153364701704545,0.038926669034090894,0.2131003191084348,0.04507575757575757,0.09779040404040404
24,catalog,4,early,balance_random_pair,20,264.0,16.0,0.564749053030303,0.06474905303030301,0.05571141098484846,0.07434910629734849,0.2195622371625859,0.046590909090909086,0.10572916666666668
24,catalog,4,early,minimum_max_pressure,20,264.0,16.0,0.4867542613636364,-0.013245738636363644,-0.020200047348484858,-0.006124970407196988,0.20335604793336656,0.08731060606060606,0.09541502952014311
24,catalog,4,early,random_order,20,264.0,16.0,0.5,0.0,0.0,0.0,0.11764705882352904,0.0,0.0625
24,catalog,4,middle,all_pair_product,20,466.65,15.75371689375736,0.7266763584518454,0.22667635845184547,0.22005237247329212,0.2335771037261698,0.48774333413573967,0.4566826191216114,0.34781761199517014
24,catalog,4,middle,balance_only,20,466.65,15.75371689375736,0.6402900751509779,0.140290075150978,0.1369022589916488,0.14388967943839862,0.2172201424793246,0.0012954504282297733,0.10354634266119193
24,catalog,4,middle,balance_pressured_pair,20,466.65,15.75371689375736,0.6016795647671007,0.10167956476710074,0.09433819042484666,0.1088941824079486,0.24195873401834728,0.11188709574790338,0.11300541783034919
24,catalog,4,middle,balance_random_pair,20,466.65,15.75371689375736,0.631886732609828,0.13188673260982792,0.1283139958488208,0.135410466954935,0.24514519064473053,0.0856836745105291,0.12258005853946122
24,catalog,4,middle,minimum_max_pressure,20,466.65,15.75371689375736,0.6691186392876365,0.16911863928763646,0.16127500008563342,0.17741719924107519,0.3989701042675427,0.3208309079723778,0.2990952977725332
24,catalog,4,middle,random_order,20,466.65,15.75371689375736,0.5,0.0,0.0,0.0,0.12003762741637503,0.0,0.0638844939731868
24,catalog,8,early,all_pair_product,20,264.0,256.0,0.7472508285984849,0.2472508285984849,0.2424945253314394,0.2519913459546638,0.25261129279395894,0.5422348484848485,0.17748763678451182
24,catalog,8,early,balance_only,20,264.0,256.0,0.7148733428030303,0.21487334280303028,0.20881105365175193,0.22106727368903886,0.020452488965323323,0.0,0.008713474025974003
24,catalog,8,early,balance_pressured_pair,20,264.0,256.0,0.6354987866950756,0.13549878669507573,0.12892173998283618,0.14179323138612687,0.025527904855431115,0.3392045454545455,0.01003607503607502
24,catalog,8,early,balance_random_pair,20,264.0,256.0,0.7021458481297348,0.20214584812973485,0.1916888797644413,0.21272841020063918,0.031727668584453125,0.4581439393939394,0.013814333814333788
24,catalog,8,early,minimum_max_pressure,20,264.0,256.0,0.6941384055397727,0.19413840553977274,0.18262673117897726,0.20510231711647725,0.10294142566004161,0.38825757575757575,0.07396995612986863
24,catalog,8,early,random_order,20,264.0,256.0,0.5,0.0,0.0,0.0,0.00778210116731515,0.0,0.00390625
24,catalog,8,middle,all_pair_product,20,223.35,62.915167005947936,0.83195887143958,0.33195887143958,0.32372491923594116,0.3398178703273416,0.5225810946138225,0.667640207218734,0.44599326450450266
24,catalog,8,middle,balance_only,20,223.35,62.915167005947936,0.6459345986695696,0.1459345986695696,0.14341127556993066,0.1483856922606507,0.18831824199100972,0.06881726512077496,0.11349347449391016
24,catalog,8,middle,balance_pressured_pair,20,223.35,62.915167005947936,0.6911859511873313,0.1911859511873312,0.18521335819288856,0.19718477666654433,0.2525586597740292,0.27387696721152344,0.15035518991458768
24,catalog,8,middle,balance_random_pair,20,223.35,62.915167005947936,0.7074663923816593,0.20746639238165937,0.2025631106927552,0.21261373227368466,0.2473955937781803,0.25216861208843905,0.15918971263925752
24,catalog,8,middle,minimum_max_pressure,20,223.35,62.915167005947936,0.609874132474381,0.10987413247438119,0.10217466981656478,0.1171802514952798,0.23845364800807375,0.2448955895248189,0.17909381400218077
24,catalog,8,middle,random_order,20,223.35,62.915167005947936,0.5,0.0,0.0,0.0,0.10864450598129427,0.0,0.06372196538468636
24,permute_both_fixed_anchor,2,early,all_pair_product,20,500.0,4.0,0.6626624999999999,0.16266250000000002,0.1586371875,0.16628749999999998,0.6927209523809521,0.4601,0.5139833333333332
24,permute_both_fixed_anchor,2,early,balance_only,20,500.0,4.0,0.5193,0.0193,0.017625000000000002,0.021075000000000003,0.48842380952380793,0.0,0.25945
24,permute_both_fixed_anchor,2,early,balance_pressured_pair,20,500.0,4.0,0.5657375000000001,0.0657375,0.06171249999999999,0.06949999999999999,0.5489252380952376,0.1585,0.315125
24,permute_both_fixed_anchor,2,early,balance_random_pair,20,500.0,4.0,0.542025,0.04202500000000002,0.037887500000000025,0.04621250000000002,0.5177380952380949,0.10770000000000002,0.29227499999999995
24,permute_both_fixed_anchor,2,early,minimum_max_pressure,20,500.0,4.0,0.5857375000000001,0.0857375,0.08143750000000001,0.09008750000000001,0.5476023809523806,0.1471,0.360166666666667
24,permute_both_fixed_anchor,2,early,random_order,20,500.0,4.0,0.5,0.0,0.0,0.0,0.4000000000000036,0.0,0.25
24,permute_both_fixed_anchor,2,middle,all_pair_product,20,500.0,3.9913000000000003,0.7294666666666666,0.22946666666666662,0.22590416666666666,0.23287093749999996,0.7784514285714281,0.5990000000000001,0.63825
24,permute_both_fixed_anchor,2,middle,balance_only,20,500.0,3.9913000000000003,0.5373541666666666,0.03735416666666666,0.033374895833333335,0.041295937499999984,0.5005323809523795,0.0178,0.2748999999999999
24,permute_both_fixed_anchor,2,middle,balance_pressured_pair,20,500.0,3.9913000000000003,0.6091833333333334,0.10918333333333333,0.1042833333333334,0.11382093749999997,0.5962054761904763,0.2305,0.377725
24,permute_both_fixed_anchor,2,middle,balance_random_pair,20,500.0,3.9913000000000003,0.5744375000000002,0.07443750000000002,0.0705,0.07846666666666666,0.5489926190476186,0.1405,0.3275499999999999
24,permute_both_fixed_anchor,2,middle,minimum_max_pressure,20,500.0,3.9913000000000003,0.6487875,0.1487875,0.14336666666666664,0.15353760416666665,0.6315485714285711,0.2935,0.472258333333334
24,permute_both_fixed_anchor,2,middle,random_order,20,500.0,3.9913000000000003,0.5,0.0,0.0,0.0,0.4008700000000035,0.0,0.250725
24,permute_both_fixed_anchor,4,early,all_pair_product,20,264.0,16.0,0.7448745265151515,0.2448745265151515,0.24163677793560606,0.24815355705492428,0.44990161787102706,0.39053030303030306,0.28686237373737367
24,permute_both_fixed_anchor,4,early,balance_only,20,264.0,16.0,0.5368726325757576,0.03687263257575759,0.03332726680871213,0.04042968750000002,0.17379977593432247,0.0,0.06909722222222217
24,permute_both_fixed_anchor,4,early,balance_pressured_pair,20,264.0,16.0,0.5805989583333332,0.08059895833333333,0.07471590909090911,0.08612127130681817,0.21190968147566552,0.10852272727272727,0.08379103535353535
24,permute_both_fixed_anchor,4,early,balance_random_pair,20,264.0,16.0,0.5646839488636364,0.06468394886363635,0.06003196022727274,0.06925307765151514,0.20024768217570527,0.08124999999999999,0.08088699494949496
24,permute_both_fixed_anchor,4,early,minimum_max_pressure,20,264.0,16.0,0.6531782670454547,0.15317826704545454,0.14673251065340906,0.15958806818181817,0.27355360901950493,0.1816287878787879,0.15556407712657722
24,permute_both_fixed_anchor,4,early,random_order,20,264.0,16.0,0.5,0.0,0.0,0.0,0.11764705882352904,0.0,0.0625
24,permute_both_fixed_anchor,4,middle,all_pair_product,20,500.0,15.660400000000001,0.8301975518231757,0.33019755182317556,0.3271497902774297,0.3334025615998572,0.6001191347914712,0.5852000000000002,0.4498541666666666
24,permute_both_fixed_anchor,4,middle,balance_only,20,500.0,15.660400000000001,0.5706284588328341,0.07062845883283404,0.06735783433753768,0.07390407215180675,0.19468800682089363,0.0067,0.08122666666666663
24,permute_both_fixed_anchor,4,middle,balance_pressured_pair,20,500.0,15.660400000000001,0.6558647604478854,0.15586476044788547,0.15322453132284394,0.1587291443972694,0.26940824919195105,0.22659999999999997,0.12314500000000009
24,permute_both_fixed_anchor,4,middle,balance_random_pair,20,500.0,15.660400000000001,0.6164151519314022,0.11641515193140203,0.11426821944201654,0.11873073027493346,0.2341687721691906,0.14430000000000004,0.10276684343434347
24,permute_both_fixed_anchor,4,middle,minimum_max_pressure,20,500.0,15.660400000000001,0.7372286405261402,0.2372286405261402,0.2331080012591572,0.2412616880619378,0.382313422709323,0.309,0.26785390220890226
24,permute_both_fixed_anchor,4,middle,random_order,20,500.0,15.660400000000001,0.5,0.0,0.0,0.0,0.12051817927170838,0.0,0.06415094613719612
24,permute_both_fixed_anchor,8,early,all_pair_product,20,264.0,256.0,0.8732584635416666,0.3732584635416667,0.37113955411044036,0.3753096147017045,0.2871161272689491,0.6388257575757577,0.20138555441822487
24,permute_both_fixed_anchor,8,early,balance_only,20,264.0,256.0,0.581567012902462,0.08156701290246213,0.07759375369910038,0.08577749541311554,0.014814553363514168,0.0,0.005027732683982674
24,permute_both_fixed_anchor,8,early,balance_pressured_pair,20,264.0,256.0,0.657662686434659,0.1576626864346591,0.151672196821733,0.16308937766335224,0.02294724987206376,0.20075757575757577,0.00738651394901395
24,permute_both_fixed_anchor,8,early,balance_random_pair,20,264.0,256.0,0.6333507191051136,0.13335071910511365,0.1277657896099669,0.1389180408824574,0.019939367472424443,0.16893939393939394,0.0063618326118326084
24,permute_both_fixed_anchor,8,early,minimum_max_pressure,20,264.0,256.0,0.7790734493371212,0.2790734493371212,0.2753073582504735,0.2829154182202888,0.09639926432336535,0.3306818181818182,0.06391706617956144
24,permute_both_fixed_anchor,8,early,random_order,20,264.0,256.0,0.5,0.0,0.0,0.0,0.00778210116731515,0.0,0.00390625
24,permute_both_fixed_anchor,8,middle,all_pair_product,20,260.2,41.29938616149253,0.8598036237434498,0.35980362374344976,0.356352999617031,0.3632437264304452,0.6443692164833037,0.7416788074153453,0.5675106419950852
24,permute_both_fixed_anchor,8,middle,balance_only,20,260.2,41.29938616149253,0.6222563593959741,0.12225635939597401,0.11798119734960537,0.12632546118611673,0.32025236433604887,0.20579352808709897,0.20893740827424545
24,permute_both_fixed_anchor,8,middle,balance_pressured_pair,20,260.2,41.29938616149253,0.6508134789236313,0.15081347892363134,0.1454186246272845,0.15640630639754097,0.346784551443201,0.2856925293196315,0.23049940854392598
24,permute_both_fixed_anchor,8,middle,balance_random_pair,20,260.2,41.29938616149253,0.6682234700065104,0.16822347000651033,0.16508906643626317,0.1712430283394293,0.3445075702795454,0.26150145848280476,0.22130245130887372
24,permute_both_fixed_anchor,8,middle,minimum_max_pressure,20,260.2,41.29938616149253,0.6061057663292587,0.10610576632925872,0.10526850406821116,0.10694976128728313,0.2858508455699108,0.19890267092321384,0.20246702819342338
24,permute_both_fixed_anchor,8,middle,random_order,20,260.2,41.29938616149253,0.5,0.0,0.0,0.0,0.18549810588676136,0.0,0.11462368790238413
24,permute_both_renormalized,2,early,all_pair_product,20,500.0,4.0,0.6601625,0.16016249999999999,0.15648718749999999,0.1638,0.6886202380952378,0.4523,0.5078666666666666
24,permute_both_renormalized,2,early,balance_only,20,500.0,4.0,0.5217,0.021700000000000014,0.020262500000000017,0.02311250000000002,0.49022619047618876,0.0,0.2618
24,permute_both_renormalized,2,early,balance_pressured_pair,20,500.0,4.0,0.5611124999999999,0.06111249999999999,0.056462500000000006,0.06619999999999998,0.5439716666666663,0.14720000000000003,0.31072500000000003
24,permute_both_renormalized,2,early,balance_random_pair,20,500.0,4.0,0.5440375,0.0440375,0.040725000000000004,0.04725,0.5172892857142853,0.09500000000000001,0.292925
24,permute_both_renormalized,2,early,minimum_max_pressure,20,500.0,4.0,0.5795375,0.07953750000000001,0.07421250000000001,0.08451249999999999,0.5405849999999998,0.1368,0.3516416666666669
24,permute_both_renormalized,2,early,random_order,20,500.0,4.0,0.5,0.0,0.0,0.0,0.4000000000000036,0.0,0.25
24,permute_both_renormalized,2,middle,all_pair_product,20,499.95,3.9906991983967934,0.7307358884435537,0.2307358884435538,0.22775925329826316,0.23377018203072814,0.7809834693195912,0.6044621242484971,0.6414567468269873
24,permute_both_renormalized,2,middle,balance_only,20,499.95,3.9906991983967934,0.5353065714762859,0.03530657147628595,0.03251953406813632,0.038241770833333404,0.5004935423227393,0.021301803607214433,0.2754927855711422
24,permute_both_renormalized,2,middle,balance_pressured_pair,20,499.95,3.9906991983967934,0.6102809702738811,0.11028097027388113,0.10682263694054776,0.11381019601703408,0.5985831811241528,0.23712344689378756,0.38109542418169673
24,permute_both_renormalized,2,middle,balance_random_pair,20,499.95,3.9906991983967934,0.5721237808951236,0.07212378089512358,0.0677915625,0.07693936310120242,0.5494729859719435,0.14411643286573148,0.32967555110220437
24,permute_both_renormalized,2,middle,minimum_max_pressure,20,499.95,3.9906991983967934,0.6468273213092853,0.14682732130928527,0.14175227517535074,0.15169182886606541,0.6286693043229313,0.288329258517034,0.46812207748831075
24,permute_both_renormalized,2,middle,random_order,20,499.95,3.9906991983967934,0.5,0.0,0.0,0.0,0.4009300801603241,0.0,0.2507750668002672
24,permute_both_renormalized,4,early,all_pair_product,20,264.0,16.0,0.7447147253787879,0.24471472537878788,0.24145936908143945,0.24792865175189396,0.44821288948410576,0.38958333333333334,0.28617108585858586
24,permute_both_renormalized,4,early,balance_only,20,264.0,16.0,0.5359848484848484,0.03598484848484849,0.03150449810606061,0.04041785037878788,0.17320985762340085,0.0,0.06856060606060602
24,permute_both_renormalized,4,early,balance_pressured_pair,20,264.0,16.0,0.5768110795454546,0.07681107954545455,0.07249644886363636,0.08139796401515151,0.20915519874867586,0.10549242424242425,0.08183396464646464
24,permute_both_renormalized,4,early,balance_random_pair,20,264.0,16.0,0.5623461174242423,0.06234611742424242,0.057848011363636376,0.06703953598484848,0.19576585219503234,0.06875,0.07777777777777777
24,permute_both_renormalized,4,early,minimum_max_pressure,20,264.0,16.0,0.6426964962121213,0.14269649621212124,0.1356830018939394,0.14910052675189395,0.26393741931907827,0.16628787878787873,0.1463620023705251
24,permute_both_renormalized,4,early,random_order,20,264.0,16.0,0.5,0.0,0.0,0.0,0.11764705882352904,0.0,0.0625
24,permute_both_renormalized,4,middle,all_pair_product,20,500.0,15.6795,0.8321603987678976,0.3321603987678975,0.3296684481716187,0.33466987682109434,0.607140765041679,0.5910999999999998,0.4612991666666667
24,permute_both_renormalized,4,middle,balance_only,20,500.0,15.6795,0.5725141766566768,0.07251417665667692,0.06878784514443913,0.07639467591262944,0.19619043393932128,0.007400000000000001,0.08279499999999995
24,permute_both_renormalized,4,middle,balance_pressured_pair,20,500.0,15.6795,0.6605879970029969,0.16058799700299708,0.15725653066204628,0.16402137714889284,0.27016941966046354,0.22590000000000005,0.12316166666666672
24,permute_both_renormalized,4,middle,balance_random_pair,20,500.0,15.6795,0.6123281131368633,0.11232811313686322,0.10908665867465876,0.11575042177614059,0.2329931403142965,0.1421,0.10219691919191923
24,permute_both_renormalized,4,middle,minimum_max_pressure,20,500.0,15.6795,0.7411823618048614,0.24118236180486147,0.23787431747419208,0.24461060287628997,0.38623975066730376,0.3167,0.27124979020979023
24,permute_both_renormalized,4,middle,random_order,20,500.0,15.6795,0.5,0.0,0.0,0.0,0.12028344537815092,0.0,0.06400975982350979
24,permute_both_renormalized,8,early,all_pair_product,20,264.0,256.0,0.8759987571022727,0.3759987571022727,0.3739379512902462,0.3780577041163589,0.2921093170473449,0.643560606060606,0.20528876659605824
24,permute_both_renormalized,8,early,balance_only,20,264.0,256.0,0.5826778527462121,0.08267785274621212,0.07967159386837122,0.08575443152225379,0.014884793302264058,0.0,0.0050635822510822414
24,permute_both_renormalized,8,early,balance_pressured_pair,20,264.0,256.0,0.6543312766335229,0.1543312766335227,0.14897789232658618,0.1600624963008996,0.022423185672110713,0.19109848484848485,0.00708017676767677
24,permute_both_renormalized,8,early,balance_random_pair,20,264.0,256.0,0.6356104995265152,0.1356104995265152,0.13098842736446498,0.14012275464607007,0.0200633480865986,0.17253787878787877,0.006485990860990859
24,permute_both_renormalized,8,early,minimum_max_pressure,20,264.0,256.0,0.7798761541193181,0.27987615411931815,0.2754242405746922,0.2842796926787405,0.09722675572991245,0.33238636363636365,0.06458222576983294
24,permute_both_renormalized,8,early,random_order,20,264.0,256.0,0.5,0.0,0.0,0.0,0.00778210116731515,0.0,0.00390625
24,permute_both_renormalized,8,middle,all_pair_product,20,259.6,41.23356105398778,0.8591618882176014,0.35916188821760137,0.3561727324972639,0.36205834022839434,0.644639252081437,0.7371200284845691,0.5700100468199415
24,permute_both_renormalized,8,middle,balance_only,20,259.6,41.23356105398778,0.6224003623269518,0.12240036232695187,0.11929381072206899,0.12537084369443952,0.30915781955822963,0.19472957218449144,0.19646880435344785
24,permute_both_renormalized,8,middle,balance_pressured_pair,20,259.6,41.23356105398778,0.6508176815696969,0.15081768156969702,0.14312214473847612,0.15884909800515257,0.3377470573512322,0.2853866277629358,0.21761224950040425
24,permute_both_renormalized,8,middle,balance_random_pair,20,259.6,41.23356105398778,0.6794124021823383,0.17941240218233828,0.17408026534189588,0.18421928542424687,0.34429012759773714,0.281379837859699,0.2218020824781763
24,permute_both_renormalized,8,middle,minimum_max_pressure,20,259.6,41.23356105398778,0.6071108156454645,0.10711081564546472,0.10528556739921253,0.10872337834086712,0.2861816198517287,0.20263781529426533,0.2035933247034921
24,permute_both_renormalized,8,middle,random_order,20,259.6,41.23356105398778,0.5,0.0,0.0,0.0,0.18280135546685872,0.0,0.11287915106407682
28,catalog,2,early,all_pair_product,20,500.0,4.0,0.6349250000000002,0.134925,0.12932500000000005,0.14056249999999998,0.6616966666666662,0.4263,0.4657416666666666
28,catalog,2,early,balance_only,20,500.0,4.0,0.5268375,0.026837499999999986,0.023512499999999985,0.030337499999999983,0.4919678571428556,0.0,0.26125000000000004
28,catalog,2,early,balance_pressured_pair,20,500.0,4.0,0.559825,0.059824999999999996,0.0555625,0.06452499999999997,0.5495149999999996,0.16490000000000002,0.31377499999999997
28,catalog,2,early,balance_random_pair,20,500.0,4.0,0.5387,0.0387,0.0335625,0.044187500000000005,0.5182847619047614,0.0981,0.292925
28,catalog,2,early,minimum_max_pressure,20,500.0,4.0,0.5572000000000001,0.057200000000000015,0.05302500000000001,0.06157531250000001,0.5127447619047618,0.1058,0.3208000000000001
28,catalog,2,early,random_order,20,500.0,4.0,0.5,0.0,0.0,0.0,0.4000000000000036,0.0,0.25
28,catalog,2,middle,all_pair_product,20,491.5,3.958913411303532,0.7377537024145571,0.2377537024145572,0.23468678761575185,0.2410964269154018,0.790943687871543,0.6175676798045526,0.6530124449516242
28,catalog,2,middle,balance_only,20,491.5,3.958913411303532,0.5402078670998192,0.040207867099819126,0.03665820955309142,0.04397072887899412,0.5045614912805266,0.011489312232815229,0.27458159457452663
28,catalog,2,middle,balance_pressured_pair,20,491.5,3.958913411303532,0.6031184880715028,0.10311848807150288,0.0995877132632912,0.10688625827782143,0.6061477365632792,0.27057124128542387,0.3915578753359831
28,catalog,2,middle,balance_random_pair,20,491.5,3.958913411303532,0.5787546005035028,0.07875460050350278,0.07380179074673159,0.08357146758075763,0.5638660387855434,0.16959142436151328,0.35251274989845494
28,catalog,2,middle,minimum_max_pressure,20,491.5,3.958913411303532,0.6213883032383867,0.12138830323838659,0.11641674268214228,0.12623284429329998,0.6094828294190997,0.2653953145289895,0.4388950476260004
28,catalog,2,middle,random_order,20,491.5,3.958913411303532,0.5,0.0,0.0,0.0,0.40410865886965014,0.0,0.2534238823913722
28,catalog,4,early,all_pair_product,20,500.0,16.0,0.71811875,0.21811875,0.213815625,0.222359375,0.42028278125825586,0.3702,0.24230833333333326
28,catalog,4,early,balance_only,20,500.0,16.0,0.5785156250000001,0.078515625,0.07479984375000001,0.08212499999999998,0.19268322085931303,0.0,0.08345833333333325
28,catalog,4,early,balance_pressured_pair,20,500.0,16.0,0.5832124999999999,0.08321249999999998,0.07709046875,0.08935632812499998,0.2359567285813054,0.1814,0.10321666666666676
28,catalog,4,early,balance_random_pair,20,500.0,16.0,0.5641249999999999,0.06412500000000002,0.058631171875000006,0.0696721875,0.2147985279957279,0.09830000000000003,0.09258333333333335
28,catalog,4,early,minimum_max_pressure,20,500.0,16.0,0.5950031250000001,0.09500312500000001,0.090378046875,0.09995640625,0.2296934614339194,0.1062,0.11958292041292067
28,catalog,4,early,random_order,20,500.0,16.0,0.5,0.0,0.0,0.0,0.11764705882352902,0.0,0.0625
28,catalog,4,middle,all_pair_product,20,489.6,15.139130655847485,0.833558138110295,0.33355813811029494,0.33040247803303135,0.3367627166360371,0.6002574103218205,0.5830567666515883,0.43880072668008757
28,catalog,4,middle,balance_only,20,489.6,15.139130655847485,0.5831696110990416,0.08316961109904168,0.07837064053320504,0.08799317699926121,0.2053437625065178,0.008683819117293486,0.08977059801872236
28,catalog,4,middle,balance_pressured_pair,20,489.6,15.139130655847485,0.6464426957035014,0.1464426957035014,0.14123295465398475,0.1514676392831492,0.2961008551387601,0.22846501497157537,0.14683431753887952
28,catalog,4,middle,balance_random_pair,20,489.6,15.139130655847485,0.6092722789419822,0.10927227894198217,0.10439602543700303,0.11436028996860537,0.25171271117574084,0.16611880353149688,0.11616102285407266
28,catalog,4,middle,minimum_max_pressure,20,489.6,15.139130655847485,0.7010966277936748,0.20109662779367463,0.19731775814204916,0.20510912011403515,0.3513632349274995,0.2784791637633851,0.2319129234816481
28,catalog,4,middle,random_order,20,489.6,15.139130655847485,0.5,0.0,0.0,0.0,0.12805520904742235,0.0,0.06880746962740629
28,catalog,8,early,all_pair_product,20,500.0,256.0,0.82455234375,0.32455234374999997,0.32142460449218757,0.3276934375000001,0.15374344782719157,0.5354,0.08988896520146523
28,catalog,8,early,balance_only,20,500.0,256.0,0.6301310546875001,0.13013105468750003,0.12644344726562498,0.1336681005859375,0.01616050984743471,0.0,0.0057171428571428425
28,catalog,8,early,balance_pressured_pair,20,500.0,256.0,0.6575169921874999,0.15751699218749998,0.152641025390625,0.1625438671875,0.023782918545006967,0.1865,0.008039166666666653
28,catalog,8,early,balance_random_pair,20,500.0,256.0,0.631901171875,0.131901171875,0.12807439453125,0.13582504882812496,0.02129167568143937,0.1705,0.007270873015873003
28,catalog,8,early,minimum_max_pressure,20,500.0,256.0,0.6864583984375001,0.18645839843749998,0.18296013671875,0.18993895996093751,0.07011727020593977,0.2157,0.04893247441341258
28,catalog,8,early,random_order,20,500.0,256.0,0.5,0.0,0.0,0.0,0.007782101167315149,0.0,0.00390625
28,catalog,8,middle,all_pair_product,20,500.0,188.6068,0.9297335681703813,0.42973356817038144,0.42793940828617155,0.43155058389106976,0.46065549600646427,0.7833,0.36528267857142854
28,catalog,8,middle,balance_only,20,500.0,188.6068,0.6401528139463666,0.14015281394636667,0.13578975820302003,0.14472719954238514,0.021737401143745446,0.0066,0.00869092394981787
28,catalog,8,middle,balance_pressured_pair,20,500.0,188.6068,0.7167159851719261,0.21671598517192603,0.2128312861258608,0.2208874848536496,0.04218812025263722,0.3147,0.015482980425140458
28,catalog,8,middle,balance_random_pair,20,500.0,188.6068,0.690925618251865,0.19092561825186488,0.18649887540606971,0.19548666152757807,0.03488368071916018,0.22590000000000005,0.012314845354199813
28,catalog,8,middle,minimum_max_pressure,20,500.0,188.6068,0.8320251723345476,0.3320251723345476,0.32959713861046624,0.3344515906655928,0.14107413805944885,0.44580000000000003,0.09827134371455928
28,catalog,8,middle,random_order,20,500.0,188.6068,0.5,0.0,0.0,0.0,0.011539579526316153,0.0,0.005807871842026752
28,permute_both_fixed_anchor,2,early,all_pair_product,20,500.0,4.0,0.658675,0.158675,0.1541625,0.1630375,0.6903942857142853,0.4657,0.5093249999999999
28,permute_both_fixed_anchor,2,early,balance_only,20,500.0,4.0,0.5224249999999999,0.022425,0.017662499999999998,0.027512499999999995,0.491214047619046,0.0,0.26345
28,permute_both_fixed_anchor,2,early,balance_pressured_pair,20,500.0,4.0,0.5667,0.06670000000000001,0.06118718750000001,0.07197500000000001,0.5519785714285713,0.1627,0.32055
28,permute_both_fixed_anchor,2,early,balance_random_pair,20,500.0,4.0,0.543475,0.043475,0.039150000000000004,0.0480125,0.5189288095238093,0.10390000000000002,0.292725
28,permute_both_fixed_anchor,2,early,minimum_max_pressure,20,500.0,4.0,0.5801375,0.08013749999999997,0.07725000000000001,0.08303749999999999,0.5444361904761903,0.1562,0.35493333333333366
28,permute_both_fixed_anchor,2,early,random_order,20,500.0,4.0,0.5,0.0,0.0,0.0,0.4000000000000036,0.0,0.25
28,permute_both_fixed_anchor,2,middle,all_pair_product,20,499.65,3.9851879759519035,0.7343841265865064,0.23438412658650626,0.22933628381763524,0.23909040226285894,0.7890250353087123,0.625938877755511,0.653347995991984
28,permute_both_fixed_anchor,2,middle,balance_only,20,499.65,3.9851879759519035,0.5374201653306613,0.037420165330661316,0.031989685203740854,0.0423560122327989,0.5038286367974031,0.024717635270541084,0.27989836339345353
28,permute_both_fixed_anchor,2,middle,balance_pressured_pair,20,499.65,3.9851879759519035,0.6162074398797597,0.1162074398797595,0.11237771438710754,0.11968331308450228,0.6093426352705411,0.26088737474949897,0.3959313794255177
28,permute_both_fixed_anchor,2,middle,balance_random_pair,20,499.65,3.9851879759519035,0.5740190798263194,0.07401907982631932,0.07037678857715432,0.07766155394121577,0.5536541005821162,0.15141102204408816,0.33524667668670677
28,permute_both_fixed_anchor,2,middle,minimum_max_pressure,20,499.65,3.9851879759519035,0.6466617651970608,0.1466617651970608,0.1426778381763527,0.15061486452070805,0.6221300601202403,0.263788376753507,0.45992418169672755
28,permute_both_fixed_anchor,2,middle,random_order,20,499.65,3.9851879759519035,0.5,0.0,0.0,0.0,0.40148120240481316,0.0,0.2512343353373413
28,permute_both_fixed_anchor,4,early,all_pair_product,20,500.0,16.0,0.7478468749999999,0.24784687499999997,0.24334976562499996,0.251971953125,0.46430422064210425,0.4096,0.3033191666666667
28,permute_both_fixed_anchor,4,early,balance_only,20,500.0,16.0,0.53751875,0.03751875,0.033112265624999984,0.04182507812499999,0.1742894370703976,0.0,0.06909166666666677
28,permute_both_fixed_anchor,4,early,balance_pressured_pair,20,500.0,16.0,0.58020625,0.08020625,0.074493671875,0.08623757812499999,0.21373469139552115,0.1259,0.08475833333333335
28,permute_both_fixed_anchor,4,early,balance_random_pair,20,500.0,16.0,0.5634906249999999,0.063490625,0.059543749999999986,0.06748445312499997,0.20004813756658152,0.08650000000000001,0.07980833333333334
28,permute_both_fixed_anchor,4,early,minimum_max_pressure,20,500.0,16.0,0.6496500000000001,0.14965,0.145106171875,0.15445953125,0.27022522258835024,0.16309999999999997,0.15579365745365767
28,permute_both_fixed_anchor,4,early,random_order,20,500.0,16.0,0.5,0.0,0.0,0.0,0.11764705882352902,0.0,0.0625
28,permute_both_fixed_anchor,4,middle,all_pair_product,20,500.0,15.436699999999998,0.8449449857781097,0.3449449857781096,0.340927961044163,0.3486566066884493,0.6375061114255335,0.6333,0.4947691666666666
28,permute_both_fixed_anchor,4,middle,balance_only,20,500.0,15.436699999999998,0.5754271870490625,0.0754271870490623,0.07135532182054084,0.07942394385995973,0.20069864552867167,0.012100000000000003,0.08421333333333332
28,permute_both_fixed_anchor,4,middle,balance_pressured_pair,20,500.0,15.436699999999998,0.6729356015512266,0.1729356015512266,0.1691978794798952,0.17655864008734323,0.2871960949572169,0.2577,0.13598666666666673
28,permute_both_fixed_anchor,4,middle,balance_random_pair,20,500.0,15.436699999999998,0.6174726499889001,0.11747264998890013,0.11383781248265631,0.12097460059211637,0.24009270111393097,0.1557,0.10556417748917753
28,permute_both_fixed_anchor,4,middle,minimum_max_pressure,20,500.0,15.436699999999998,0.7548954288073035,0.25489542880730354,0.25011243296807334,0.25937901190302715,0.3926477071729907,0.2973,0.2755789366189366
28,permute_both_fixed_anchor,4,middle,random_order,20,500.0,15.436699999999998,0.5,0.0,0.0,0.0,0.12275802285949314,0.0,0.06546586052836054
28,permute_both_fixed_anchor,8,early,all_pair_product,20,500.0,256.0,0.8505369140625,0.3505369140625,0.3472813525390625,0.35382509765625,0.2498664163141449,0.5907999999999999,0.1688301694601695
28,permute_both_fixed_anchor,8,early,balance_only,20,500.0,256.0,0.5667369140625,0.06673691406250001,0.06363802734375001,0.06994295410156251,0.014389517673964833,0.0,0.0047971428571428444
28,permute_both_fixed_anchor,8,early,balance_pressured_pair,20,500.0,256.0,0.6294005859375,0.12940058593750003,0.1252799267578125,0.1333883984375,0.021399126248535173,0.1793,0.006642182539682533
28,permute_both_fixed_anchor,8,early,balance_random_pair,20,500.0,256.0,0.6109515624999999,0.1109515625,0.10734919921874998,0.11442855957031248,0.019124462091383323,0.16040000000000001,0.006041746031746022
28,permute_both_fixed_anchor,8,early,minimum_max_pressure,20,500.0,256.0,0.7393216796875,0.23932167968749996,0.23485115722656252,0.24424972656250002,0.06730946363948904,0.2212,0.041756401057579405
28,permute_both_fixed_anchor,8,early,random_order,20,500.0,256.0,0.5,0.0,0.0,0.0,0.007782101167315149,0.0,0.00390625
28,permute_both_fixed_anchor,8,middle,all_pair_product,20,500.0,194.4239,0.9298557763650674,0.4298557763650672,0.4281965677731368,0.4315560447969466,0.4943227030462345,0.7954,0.40440585978024624
28,permute_both_fixed_anchor,8,middle,balance_only,20,500.0,194.4239,0.62573129836923,0.12573129836922992,0.12111833703869888,0.13005014576850338,0.02073176211103262,0.021500000000000002,0.008219668991594552
28,permute_both_fixed_anchor,8,middle,balance_pressured_pair,20,500.0,194.4239,0.734139193306918,0.23413919330691807,0.22937008303078693,0.23937985815164348,0.04036845581782013,0.2846,0.015170862700127255
28,permute_both_fixed_anchor,8,middle,balance_random_pair,20,500.0,194.4239,0.6990809523795992,0.19908095237959925,0.1953566089763979,0.20274674098147122,0.03360514066504168,0.2056,0.012253201939834986
28,permute_both_fixed_anchor,8,middle,minimum_max_pressure,20,500.0,194.4239,0.8644407503024489,0.36444075030244905,0.36166229460080285,0.3671598514970501,0.20493862403424928,0.5494000000000001,0.1575241411757709
28,permute_both_fixed_anchor,8,middle,random_order,20,500.0,194.4239,0.5,0.0,0.0,0.0,0.010709268852945784,0.0,0.005385102708113129
28,permute_both_renormalized,2,early,all_pair_product,20,500.0,4.0,0.6542374999999999,0.15423750000000003,0.14936218750000002,0.15885,0.686473571428571,0.46159999999999995,0.5040250000000001
28,permute_both_renormalized,2,early,balance_only,20,500.0,4.0,0.5182875,0.018287500000000005,0.013075000000000008,0.02343750000000002,0.48817476190476033,0.00030000000000000003,0.2593
28,permute_both_renormalized,2,early,balance_pressured_pair,20,500.0,4.0,0.5601749999999999,0.060175,0.0561746875,0.06411249999999999,0.5450864285714283,0.15530000000000002,0.30994999999999995
28,permute_both_renormalized,2,early,balance_random_pair,20,500.0,4.0,0.5411625000000001,0.0411625,0.03661218749999999,0.0459875,0.5182866666666663,0.10770000000000002,0.29164999999999996
28,permute_both_renormalized,2,early,minimum_max_pressure,20,500.0,4.0,0.5742624999999999,0.07426250000000001,0.07010000000000002,0.07860031250000002,0.5367402380952381,0.14600000000000005,0.3451416666666669
28,permute_both_renormalized,2,early,random_order,20,500.0,4.0,0.5,0.0,0.0,0.0,0.4000000000000036,0.0,0.25
28,permute_both_renormalized,2,middle,all_pair_product,20,499.85,3.988296788758239,0.7383732125898382,0.23837321258983826,0.23482912825651306,0.24182926455823295,0.7924110928780488,0.6276818045730014,0.6569320993392408
28,permute_both_renormalized,2,middle,balance_only,20,499.85,3.988296788758239,0.5329691625218307,0.03296916252183077,0.026973574133709155,0.038618430819973244,0.49960777905782744,0.022807025295571066,0.2738960312861331
28,permute_both_renormalized,2,middle,balance_pressured_pair,20,499.85,3.988296788758239,0.6134411321639262,0.11344113216392626,0.10834155873493977,0.11834125980625913,0.6046862893275552,0.25287665451384694,0.3885811468988848
28,permute_both_renormalized,2,middle,balance_random_pair,20,499.85,3.988296788758239,0.5716844467717228,0.07168444677172282,0.06598729273892498,0.07705361953072812,0.5498575892519402,0.14754434491472906,0.3274545496615721
28,permute_both_renormalized,2,middle,minimum_max_pressure,20,499.85,3.988296788758239,0.6465484050430177,0.14654840504301775,0.14361233394248338,0.14946246629302778,0.622412266539198,0.26688267941505506,0.4596894312051153
28,permute_both_renormalized,2,middle,random_order,20,499.85,3.988296788758239,0.5,0.0,0.0,0.0,0.40117032112417955,0.0,0.25097526760348
28,permute_both_renormalized,4,early,all_pair_product,20,500.0,16.0,0.7466875,0.2466875,0.24179992187500002,0.25160953124999996,0.46054883247091416,0.40730000000000005,0.29851249999999996
28,permute_both_renormalized,4,early,balance_only,20,500.0,16.0,0.5340156250000001,0.034015624999999994,0.029268750000000003,0.038703203124999995,0.17295876417194528,0.0,0.0679916666666668
28,permute_both_renormalized,4,early,balance_pressured_pair,20,500.0,16.0,0.5787437499999999,0.07874375,0.07404992187500002,0.0836440625,0.21403133676423702,0.1289,0.08505
28,permute_both_renormalized,4,early,balance_random_pair,20,500.0,16.0,0.563684375,0.06368437499999999,0.059902968750000014,0.06729062499999998,0.20088412651081916,0.08470000000000001,0.08056666666666668
28,permute_both_renormalized,4,early,minimum_max_pressure,20,500.0,16.0,0.6455125,0.1455125,0.14205625,0.149096953125,0.26752349740569425,0.16360000000000002,0.15331880036630055
28,permute_both_renormalized,4,early,random_order,20,500.0,16.0,0.5,0.0,0.0,0.0,0.11764705882352902,0.0,0.0625
28,permute_both_renormalized,4,middle,all_pair_product,20,500.0,15.424800000000001,0.8446705361999101,0.34467053619990995,0.34175990389124644,0.3476227219776739,0.6378665374937279,0.6376,0.49634083333333334
28,permute_both_renormalized,4,middle,balance_only,20,500.0,15.424800000000001,0.5749099261849266,0.07490992618492656,0.07132314573794298,0.07830035495580849,0.20231834633506263,0.010900000000000002,0.08602499999999993
28,permute_both_renormalized,4,middle,balance_pressured_pair,20,500.0,15.424800000000001,0.6721666944166945,0.17216669441669458,0.1669775906367939,0.17676523062874633,0.28824910356335104,0.25670000000000004,0.13631000000000001
28,permute_both_renormalized,4,middle,balance_random_pair,20,500.0,15.424800000000001,0.617909548992674,0.11790954899267411,0.11337649677579374,0.12230195110618561,0.24319727848650824,0.16129999999999997,0.10883384199134205
28,permute_both_renormalized,4,middle,minimum_max_pressure,20,500.0,15.424800000000001,0.7541317320179817,0.25413173201798167,0.2502793378149624,0.2579937921644324,0.39335595750128033,0.2974,0.2772475341325341
28,permute_both_renormalized,4,middle,random_order,20,500.0,15.424800000000001,0.5,0.0,0.0,0.0,0.12289275621437352,0.0,0.06554553890553891
28,permute_both_renormalized,8,early,all_pair_product,20,500.0,256.0,0.8480949218750002,0.348094921875,0.344666982421875,0.3515366650390625,0.24998143010715118,0.5857,0.17055583411480993
28,permute_both_renormalized,8,early,balance_only,20,500.0,256.0,0.5633847656249998,0.06338476562499999,0.059314389648437486,0.067373115234375,0.014348665058996846,0.0,0.004788214285714273
28,permute_both_renormalized,8,early,balance_pressured_pair,20,500.0,256.0,0.6208605468750001,0.120860546875,0.11508565429687498,0.12647467285156247,0.021192691458818864,0.1789,0.0065668650793650725
28,permute_both_renormalized,8,early,balance_random_pair,20,500.0,256.0,0.605480859375,0.105480859375,0.1011982177734375,0.10985840332031253,0.01871125419492887,0.1563,0.005853650793650785
28,permute_both_renormalized,8,early,minimum_max_pressure,20,500.0,256.0,0.7356904296875001,0.23569042968750004,0.2318021435546875,0.23965048339843753,0.0669873245711497,0.2197,0.041925251363701135
28,permute_both_renormalized,8,early,random_order,20,500.0,256.0,0.5,0.0,0.0,0.0,0.007782101167315149,0.0,0.00390625
28,permute_both_renormalized,8,middle,all_pair_product,20,500.0,194.7137,0.931572106599442,0.4315721065994419,0.42925916914228573,0.43394513112125394,0.4968560093856057,0.8004,0.4065586793169006
28,permute_both_renormalized,8,middle,balance_only,20,500.0,194.7137,0.6269671196874642,0.12696711968746432,0.12327507167632194,0.1303718578929628,0.02081536519045235,0.025500000000000005,0.008306335212840204
28,permute_both_renormalized,8,middle,balance_pressured_pair,20,500.0,194.7137,0.7324483846848449,0.23244838468484494,0.22969899427892,0.23536196715679603,0.04000683840755077,0.28419999999999995,0.014962784733345318
28,permute_both_renormalized,8,middle,balance_random_pair,20,500.0,194.7137,0.6993088519339948,0.19930885193399484,0.1956563894702887,0.20287848225401084,0.033626829523753024,0.20580000000000004,0.012224160002660777
28,permute_both_renormalized,8,middle,minimum_max_pressure,20,500.0,194.7137,0.865466612007137,0.3654666120071371,0.3628082638511948,0.36801481686403975,0.20502075076126763,0.5527000000000001,0.15744619205489568
28,permute_both_renormalized,8,middle,random_order,20,500.0,194.7137,0.5,0.0,0.0,0.0,0.010682354702435039,0.0,0.0053714147522354126
