instance_id,block_size,tie_repetition,order,hidden_rows,guided_policy,baseline,guided_nodes,baseline_nodes,node_ratio_guided_over_baseline,node_reduction_fraction,guided_seconds,baseline_seconds,time_ratio_guided_over_baseline,time_reduction_fraction
d16-c0-h4-s21864815,8,0,16,4,all_pair_product,lexicographic,108,228,0.47368421052631576,0.5263157894736843,0.5699725999729708,0.9458011999959126,0.6026346762675222,0.3973653237324778
d16-c0-h4-s21864815,8,0,16,4,all_pair_lexicographic,lexicographic,8,228,0.03508771929824561,0.9649122807017544,0.08213570003863424,0.9458011999959126,0.08684245699729415,0.9131575430027059
d16-c0-h4-s21864815,8,1,16,4,all_pair_product,lexicographic,64,228,0.2807017543859649,0.7192982456140351,0.36825319996569306,0.9401906999992207,0.391679262479408,0.608320737520592
d16-c0-h4-s21864815,8,1,16,4,all_pair_lexicographic,lexicographic,8,228,0.03508771929824561,0.9649122807017544,0.07644870004151016,0.9401906999992207,0.08131190836239237,0.9186880916376077
d16-c0-h4-s21864815,8,2,16,4,all_pair_product,lexicographic,31,228,0.13596491228070176,0.8640350877192983,0.18771379999816418,0.8004369999980554,0.23451414664567008,0.76548585335433
d16-c0-h4-s21864815,8,2,16,4,all_pair_lexicographic,lexicographic,8,228,0.03508771929824561,0.9649122807017544,0.08868059993255883,0.8004369999980554,0.11079023075241934,0.8892097692475807
d16-c0-h4-s21864820,8,0,16,4,all_pair_product,lexicographic,310,245,1.2653061224489797,-0.26530612244897966,1.1769366998923942,0.9247109999414533,1.2727616519830631,-0.2727616519830631
d16-c0-h4-s21864820,8,0,16,4,all_pair_lexicographic,lexicographic,128,245,0.5224489795918368,0.4775510204081632,0.5289288000203669,0.9247109999414533,0.5719936283377782,0.4280063716622218
d16-c0-h4-s21864820,8,1,16,4,all_pair_product,lexicographic,128,245,0.5224489795918368,0.4775510204081632,0.51984339999035,0.9402904000598937,0.5528540969441329,0.4471459030558671
d16-c0-h4-s21864820,8,1,16,4,all_pair_lexicographic,lexicographic,128,245,0.5224489795918368,0.4775510204081632,0.5108097000047565,0.9402904000598937,0.5432467458693818,0.4567532541306182
d16-c0-h4-s21864820,8,2,16,4,all_pair_product,lexicographic,305,245,1.2448979591836735,-0.24489795918367352,1.300271200016141,0.9964353999821469,1.3049227275942201,-0.3049227275942201
d16-c0-h4-s21864820,8,2,16,4,all_pair_lexicographic,lexicographic,128,245,0.5224489795918368,0.4775510204081632,0.5160798000870273,0.9964353999821469,0.517925999112711,0.482074000887289
d16-c0-h4-s21864825,8,0,16,4,all_pair_product,lexicographic,90,231,0.38961038961038963,0.6103896103896104,0.5032479999354109,0.714196200016886,0.7046355048143808,0.29536449518561925
d16-c0-h4-s21864825,8,0,16,4,all_pair_lexicographic,lexicographic,27,231,0.11688311688311688,0.8831168831168831,0.13114680000580847,0.714196200016886,0.1836285323314626,0.8163714676685374
d16-c0-h4-s21864825,8,1,16,4,all_pair_product,lexicographic,27,231,0.11688311688311688,0.8831168831168831,0.13047630002256483,1.1344866000581533,0.11500911515030382,0.8849908848496961
d16-c0-h4-s21864825,8,1,16,4,all_pair_lexicographic,lexicographic,27,231,0.11688311688311688,0.8831168831168831,0.14757229993119836,1.1344866000581533,0.13007848653623047,0.8699215134637696
d16-c0-h4-s21864825,8,2,16,4,all_pair_product,lexicographic,109,231,0.47186147186147187,0.5281385281385281,0.5621887999586761,0.7105805000755936,0.7911683474270246,0.20883165257297542
d16-c0-h4-s21864825,8,2,16,4,all_pair_lexicographic,lexicographic,27,231,0.11688311688311688,0.8831168831168831,0.13035629992373288,0.7105805000755936,0.18345043230128774,0.8165495676987122
d16-c0-h4-s21864830,8,0,16,4,all_pair_product,lexicographic,904,191,4.732984293193717,-3.7329842931937174,3.36236209992785,0.9029069999232888,3.72392959652934,-2.72392959652934
d16-c0-h4-s21864830,8,0,16,4,all_pair_lexicographic,lexicographic,845,191,4.424083769633508,-3.4240837696335076,3.159193400060758,0.9029069999232888,3.498913398975934,-2.498913398975934
d16-c0-h4-s21864830,8,1,16,4,all_pair_product,lexicographic,845,191,4.424083769633508,-3.4240837696335076,3.1662948000011966,0.6190691000083461,5.114606430782136,-4.114606430782136
d16-c0-h4-s21864830,8,1,16,4,all_pair_lexicographic,lexicographic,845,191,4.424083769633508,-3.4240837696335076,3.1790613000048324,0.6190691000083461,5.135228522893443,-4.135228522893443
d16-c0-h4-s21864830,8,2,16,4,all_pair_product,lexicographic,845,191,4.424083769633508,-3.4240837696335076,3.2155748000368476,0.6470149999950081,4.969861286155123,-3.9698612861551226
d16-c0-h4-s21864830,8,2,16,4,all_pair_lexicographic,lexicographic,845,191,4.424083769633508,-3.4240837696335076,3.2985990999732167,0.6470149999950081,5.098180258569997,-4.098180258569997
d16-c0-h6-s21866815,8,0,16,6,all_pair_product,lexicographic,4004,210,19.066666666666666,-18.066666666666666,14.349515600013547,0.6563303999137133,21.86324997577448,-20.86324997577448
d16-c0-h6-s21866815,8,0,16,6,all_pair_lexicographic,lexicographic,4004,210,19.066666666666666,-18.066666666666666,14.616097200079821,0.6563303999137133,22.26941979527594,-21.26941979527594
d16-c0-h6-s21866815,8,1,16,6,all_pair_product,lexicographic,4004,210,19.066666666666666,-18.066666666666666,14.987975099938922,0.680054199998267,22.039383184424295,-21.039383184424295
d16-c0-h6-s21866815,8,1,16,6,all_pair_lexicographic,lexicographic,4004,210,19.066666666666666,-18.066666666666666,13.997402500011958,0.680054199998267,20.582774873013985,-19.582774873013985
d16-c0-h6-s21866815,8,2,16,6,all_pair_product,lexicographic,4004,210,19.066666666666666,-18.066666666666666,15.065608299919404,0.6377726999344304,23.62222199455747,-22.62222199455747
d16-c0-h6-s21866815,8,2,16,6,all_pair_lexicographic,lexicographic,4004,210,19.066666666666666,-18.066666666666666,14.97813209996093,0.6377726999344304,23.485063097716218,-22.485063097716218
d16-c0-h6-s21866820,8,0,16,6,all_pair_product,lexicographic,6720,172,39.06976744186046,-38.06976744186046,27.576889699907042,0.7295161999063566,37.80161386881733,-36.80161386881733
d16-c0-h6-s21866820,8,0,16,6,all_pair_lexicographic,lexicographic,6638,172,38.593023255813954,-37.593023255813954,27.47817999997642,0.7295161999063566,37.66630542749238,-36.66630542749238
d16-c0-h6-s21866820,8,1,16,6,all_pair_product,lexicographic,7060,172,41.04651162790697,-40.04651162790697,28.39397930004634,0.7951183000113815,35.71038334753445,-34.71038334753445
d16-c0-h6-s21866820,8,1,16,6,all_pair_lexicographic,lexicographic,6638,172,38.593023255813954,-37.593023255813954,25.97378999995999,0.7951183000113815,32.66657301132196,-31.666573011321958
d16-c0-h6-s21866820,8,2,16,6,all_pair_product,lexicographic,7060,172,41.04651162790697,-40.04651162790697,26.54244969994761,0.7164361999602988,37.04789023979868,-36.04789023979868
d16-c0-h6-s21866820,8,2,16,6,all_pair_lexicographic,lexicographic,6638,172,38.593023255813954,-37.593023255813954,28.34704739996232,0.7164361999602988,39.56674355864928,-38.56674355864928
d16-c0-h6-s21866825,8,0,16,6,all_pair_product,lexicographic,1906,193,9.875647668393782,-8.875647668393782,8.52617550001014,0.8192102999892086,10.407798217530292,-9.407798217530292
d16-c0-h6-s21866825,8,0,16,6,all_pair_lexicographic,lexicographic,1906,193,9.875647668393782,-8.875647668393782,8.549629100016318,0.8192102999892086,10.436427740384785,-9.436427740384785
d16-c0-h6-s21866825,8,1,16,6,all_pair_product,lexicographic,2045,193,10.595854922279793,-9.595854922279793,9.876095200073905,0.7905666999286041,12.492424992054199,-11.492424992054199
d16-c0-h6-s21866825,8,1,16,6,all_pair_lexicographic,lexicographic,1906,193,9.875647668393782,-8.875647668393782,9.151245099958032,0.7905666999286041,11.575550931736032,-10.575550931736032
d16-c0-h6-s21866825,8,2,16,6,all_pair_product,lexicographic,1957,193,10.139896373056995,-9.139896373056995,9.593927699956112,0.8901200999971479,10.778239588103732,-9.778239588103732
d16-c0-h6-s21866825,8,2,16,6,all_pair_lexicographic,lexicographic,1906,193,9.875647668393782,-8.875647668393782,9.20736380002927,0.8901200999971479,10.343956731298139,-9.343956731298139
d16-c0-h6-s21866830,8,0,16,6,all_pair_product,lexicographic,458,245,1.8693877551020408,-0.8693877551020408,2.5403547999449074,1.2415223000571132,2.0461612327285983,-1.0461612327285983
d16-c0-h6-s21866830,8,0,16,6,all_pair_lexicographic,lexicographic,449,245,1.8326530612244898,-0.8326530612244898,1.9322531999787316,1.2415223000571132,1.556358029082396,-0.556358029082396
d16-c0-h6-s21866830,8,1,16,6,all_pair_product,lexicographic,468,245,1.910204081632653,-0.9102040816326531,2.0798575000371784,1.230556600028649,1.6901762178096942,-0.6901762178096942
d16-c0-h6-s21866830,8,1,16,6,all_pair_lexicographic,lexicographic,449,245,1.8326530612244898,-0.8326530612244898,2.0681400999892503,1.230556600028649,1.680654185220819,-0.680654185220819
d16-c0-h6-s21866830,8,2,16,6,all_pair_product,lexicographic,477,245,1.9469387755102041,-0.9469387755102041,2.2352567999623716,0.9415785999735817,2.3739460519016546,-1.3739460519016546
d16-c0-h6-s21866830,8,2,16,6,all_pair_lexicographic,lexicographic,449,245,1.8326530612244898,-0.8326530612244898,2.1403550000395626,0.9415785999735817,2.27315595331034,-1.27315595331034
d16-c1-h4-s21864816,8,0,16,4,all_pair_product,lexicographic,584,205,2.848780487804878,-1.848780487804878,2.6895625999895856,0.9486639999086037,2.8351055803200116,-1.8351055803200116
d16-c1-h4-s21864816,8,0,16,4,all_pair_lexicographic,lexicographic,584,205,2.848780487804878,-1.848780487804878,2.497619800036773,0.9486639999086037,2.63277598841887,-1.63277598841887
d16-c1-h4-s21864816,8,1,16,4,all_pair_product,lexicographic,584,205,2.848780487804878,-1.848780487804878,2.3530775000108406,0.7968301000073552,2.953047958390528,-1.953047958390528
d16-c1-h4-s21864816,8,1,16,4,all_pair_lexicographic,lexicographic,584,205,2.848780487804878,-1.848780487804878,2.486957099987194,0.7968301000073552,3.121063197743456,-2.121063197743456
d16-c1-h4-s21864816,8,2,16,4,all_pair_product,lexicographic,584,205,2.848780487804878,-1.848780487804878,2.373263799934648,0.8119992000283673,2.9227415493164743,-1.9227415493164743
d16-c1-h4-s21864816,8,2,16,4,all_pair_lexicographic,lexicographic,584,205,2.848780487804878,-1.848780487804878,2.303920100093819,0.8119992000283673,2.837342820058605,-1.837342820058605
d16-c1-h4-s21864821,8,0,16,4,all_pair_product,lexicographic,89,222,0.4009009009009009,0.5990990990990991,0.37465919996611774,0.7659229999408126,0.4891603986237127,0.5108396013762873
d16-c1-h4-s21864821,8,0,16,4,all_pair_lexicographic,lexicographic,89,222,0.4009009009009009,0.5990990990990991,0.36446269997395575,0.7659229999408126,0.47584770270917565,0.5241522972908244
d16-c1-h4-s21864821,8,1,16,4,all_pair_product,lexicographic,189,222,0.8513513513513513,0.14864864864864868,0.7796701000770554,0.8386241999687627,0.9297014086954524,0.07029859130454763
d16-c1-h4-s21864821,8,1,16,4,all_pair_lexicographic,lexicographic,89,222,0.4009009009009009,0.5990990990990991,0.4301078000571579,0.8386241999687627,0.5128731082088719,0.4871268917911281
d16-c1-h4-s21864821,8,2,16,4,all_pair_product,lexicographic,161,222,0.7252252252252253,0.27477477477477474,0.6998611999442801,0.936149499961175,0.7475955496139297,0.2524044503860703
d16-c1-h4-s21864821,8,2,16,4,all_pair_lexicographic,lexicographic,89,222,0.4009009009009009,0.5990990990990991,0.38096380000934005,0.936149499961175,0.40694760828814175,0.5930523917118582
d16-c1-h4-s21864826,8,0,16,4,all_pair_product,lexicographic,708,158,4.481012658227848,-3.481012658227848,2.485159800038673,0.48997089988552034,5.072055913155904,-4.072055913155904
d16-c1-h4-s21864826,8,0,16,4,all_pair_lexicographic,lexicographic,708,158,4.481012658227848,-3.481012658227848,2.8955171999987215,0.48997089988552034,5.909569732968319,-4.909569732968319
d16-c1-h4-s21864826,8,1,16,4,all_pair_product,lexicographic,708,158,4.481012658227848,-3.481012658227848,2.778732700040564,0.7286542999790981,3.8135130748837596,-2.8135130748837596
d16-c1-h4-s21864826,8,1,16,4,all_pair_lexicographic,lexicographic,708,158,4.481012658227848,-3.481012658227848,2.3292775000445545,0.7286542999790981,3.196683942044082,-2.196683942044082
d16-c1-h4-s21864826,8,2,16,4,all_pair_product,lexicographic,708,158,4.481012658227848,-3.481012658227848,2.872267800034024,0.5035844000522047,5.703647292760194,-4.703647292760194
d16-c1-h4-s21864826,8,2,16,4,all_pair_lexicographic,lexicographic,708,158,4.481012658227848,-3.481012658227848,2.4575027000391856,0.5035844000522047,4.880021501429404,-3.880021501429404
d16-c1-h4-s21864831,8,0,16,4,all_pair_product,lexicographic,411,224,1.8348214285714286,-0.8348214285714286,1.6043046000413597,0.9308611999731511,1.7234627462049474,-0.7234627462049474
d16-c1-h4-s21864831,8,0,16,4,all_pair_lexicographic,lexicographic,385,224,1.71875,-0.71875,1.4794851000187919,0.9308611999731511,1.5893724005914789,-0.5893724005914789
d16-c1-h4-s21864831,8,1,16,4,all_pair_product,lexicographic,385,224,1.71875,-0.71875,1.556226299959235,0.7947282999521121,1.9581865903768725,-0.9581865903768725
d16-c1-h4-s21864831,8,1,16,4,all_pair_lexicographic,lexicographic,385,224,1.71875,-0.71875,1.6075538999866694,0.7947282999521121,2.022771681949083,-1.022771681949083
d16-c1-h4-s21864831,8,2,16,4,all_pair_product,lexicographic,385,224,1.71875,-0.71875,1.31588509993162,0.9965238999575377,1.320475203843772,-0.3204752038437719
d16-c1-h4-s21864831,8,2,16,4,all_pair_lexicographic,lexicographic,385,224,1.71875,-0.71875,1.8977115000598133,0.9965238999575377,1.904331145636021,-0.904331145636021
d16-c1-h6-s21866816,8,0,16,6,all_pair_product,lexicographic,2694,201,13.402985074626866,-12.402985074626866,9.162630600039847,0.7252122999634594,12.63441146889196,-11.63441146889196
d16-c1-h6-s21866816,8,0,16,6,all_pair_lexicographic,lexicographic,2693,201,13.398009950248756,-12.398009950248756,9.267772299936041,0.7252122999634594,12.779392048925546,-11.779392048925546
d16-c1-h6-s21866816,8,1,16,6,all_pair_product,lexicographic,2746,201,13.661691542288557,-12.661691542288557,11.23250729998108,0.9202970999758691,12.205305547823203,-11.205305547823203
d16-c1-h6-s21866816,8,1,16,6,all_pair_lexicographic,lexicographic,2693,201,13.398009950248756,-12.398009950248756,11.130257799988613,0.9202970999758691,12.094200666589579,-11.094200666589579
d16-c1-h6-s21866816,8,2,16,6,all_pair_product,lexicographic,2694,201,13.402985074626866,-12.402985074626866,11.0082803000696,0.7611423999769613,14.462839411393722,-13.462839411393722
d16-c1-h6-s21866816,8,2,16,6,all_pair_lexicographic,lexicographic,2693,201,13.398009950248756,-12.398009950248756,11.517373599926941,0.7611423999769613,15.13169362300084,-14.13169362300084
d16-c1-h6-s21866821,8,0,16,6,all_pair_product,lexicographic,1667,207,8.053140096618357,-7.053140096618357,6.980944199953228,0.7119483000133187,9.805408903740108,-8.805408903740108
d16-c1-h6-s21866821,8,0,16,6,all_pair_lexicographic,lexicographic,1436,207,6.93719806763285,-5.93719806763285,6.246881099999882,0.7119483000133187,8.774346535953551,-7.774346535953551
d16-c1-h6-s21866821,8,1,16,6,all_pair_product,lexicographic,1572,207,7.594202898550725,-6.594202898550725,7.046818999922834,0.793675500084646,8.878715544540919,-7.878715544540919
d16-c1-h6-s21866821,8,1,16,6,all_pair_lexicographic,lexicographic,1436,207,6.93719806763285,-5.93719806763285,7.489619800006039,0.793675500084646,9.436627184796892,-8.436627184796892
d16-c1-h6-s21866821,8,2,16,6,all_pair_product,lexicographic,1572,207,7.594202898550725,-6.594202898550725,6.815900799934752,0.6876218999968842,9.912279989868905,-8.912279989868905
d16-c1-h6-s21866821,8,2,16,6,all_pair_lexicographic,lexicographic,1436,207,6.93719806763285,-5.93719806763285,6.307643600041047,0.6876218999968842,9.17312784841441,-8.17312784841441
d16-c1-h6-s21866826,8,0,16,6,all_pair_product,lexicographic,1693,232,7.297413793103448,-6.297413793103448,8.21399580000434,1.0433241000864655,7.872909098259693,-6.872909098259693
d16-c1-h6-s21866826,8,0,16,6,all_pair_lexicographic,lexicographic,1510,232,6.508620689655173,-5.508620689655173,6.971767099923454,1.0433241000864655,6.682264024520922,-5.682264024520922
d16-c1-h6-s21866826,8,1,16,6,all_pair_product,lexicographic,1510,232,6.508620689655173,-5.508620689655173,7.56622260005679,1.1101321999449283,6.815605024727809,-5.815605024727809
d16-c1-h6-s21866826,8,1,16,6,all_pair_lexicographic,lexicographic,1510,232,6.508620689655173,-5.508620689655173,7.4770603000652045,1.1101321999449283,6.735288193997191,-5.735288193997191
d16-c1-h6-s21866826,8,2,16,6,all_pair_product,lexicographic,1532,232,6.603448275862069,-5.603448275862069,7.45867769990582,1.3717508999397978,5.43734121131844,-4.43734121131844
d16-c1-h6-s21866826,8,2,16,6,all_pair_lexicographic,lexicographic,1510,232,6.508620689655173,-5.508620689655173,7.122344399918802,1.3717508999397978,5.1921558062993665,-4.1921558062993665
d16-c1-h6-s21866831,8,0,16,6,all_pair_product,lexicographic,762,226,3.3716814159292037,-2.3716814159292037,3.166436000028625,0.9488771000178531,3.3370349015368257,-2.3370349015368257
d16-c1-h6-s21866831,8,0,16,6,all_pair_lexicographic,lexicographic,762,226,3.3716814159292037,-2.3716814159292037,3.202209699898958,0.9488771000178531,3.3747359904024545,-2.3747359904024545
d16-c1-h6-s21866831,8,1,16,6,all_pair_product,lexicographic,790,226,3.495575221238938,-2.495575221238938,3.6686833000276238,0.8331010999390855,4.40364716874803,-3.40364716874803
d16-c1-h6-s21866831,8,1,16,6,all_pair_lexicographic,lexicographic,762,226,3.3716814159292037,-2.3716814159292037,3.163148400024511,0.8331010999390855,3.7968361826143227,-2.7968361826143227
d16-c1-h6-s21866831,8,2,16,6,all_pair_product,lexicographic,790,226,3.495575221238938,-2.495575221238938,3.179893200052902,1.0221919000614434,3.1108573643185395,-2.1108573643185395
d16-c1-h6-s21866831,8,2,16,6,all_pair_lexicographic,lexicographic,762,226,3.3716814159292037,-2.3716814159292037,3.2288987000938505,1.0221919000614434,3.15879894949252,-2.15879894949252
d16-c2-h4-s21864817,8,0,16,4,all_pair_product,lexicographic,187,241,0.7759336099585062,0.22406639004149376,0.7554873999906704,0.7980924999574199,0.946616338370524,0.053383661629476054
d16-c2-h4-s21864817,8,0,16,4,all_pair_lexicographic,lexicographic,178,241,0.7385892116182573,0.2614107883817427,0.8054137999424711,0.7980924999574199,1.0091734980411942,-0.009173498041194161
d16-c2-h4-s21864817,8,1,16,4,all_pair_product,lexicographic,231,241,0.9585062240663901,0.04149377593360992,0.9023843000177294,0.9219415999250486,0.9787868343191053,0.021213165680894708
d16-c2-h4-s21864817,8,1,16,4,all_pair_lexicographic,lexicographic,178,241,0.7385892116182573,0.2614107883817427,0.711993100005202,0.9219415999250486,0.7722757060350516,0.22772429396494842
d16-c2-h4-s21864817,8,2,16,4,all_pair_product,lexicographic,187,241,0.7759336099585062,0.22406639004149376,0.7725077000213787,0.8680559999775141,0.8899284148043323,0.11007158519566773
d16-c2-h4-s21864817,8,2,16,4,all_pair_lexicographic,lexicographic,178,241,0.7385892116182573,0.2614107883817427,0.788537299958989,0.8680559999775141,0.9083945044782998,0.09160549552170016
d16-c2-h4-s21864822,8,0,16,4,all_pair_product,lexicographic,54,227,0.23788546255506607,0.762114537444934,0.264554199995473,0.7843202999792993,0.33730377755421537,0.6626962224457846
d16-c2-h4-s21864822,8,0,16,4,all_pair_lexicographic,lexicographic,54,227,0.23788546255506607,0.762114537444934,0.2623551998985931,0.7843202999792993,0.3345000759326483,0.6654999240673517
d16-c2-h4-s21864822,8,1,16,4,all_pair_product,lexicographic,54,227,0.23788546255506607,0.762114537444934,0.2313328000018373,0.9619532999349758,0.2404823602325336,0.7595176397674663
d16-c2-h4-s21864822,8,1,16,4,all_pair_lexicographic,lexicographic,54,227,0.23788546255506607,0.762114537444934,0.2606984000885859,0.9619532999349758,0.2710094139769655,0.7289905860230346
d16-c2-h4-s21864822,8,2,16,4,all_pair_product,lexicographic,54,227,0.23788546255506607,0.762114537444934,0.23950209992472082,0.8493962000356987,0.28196747279379747,0.7180325272062025
d16-c2-h4-s21864822,8,2,16,4,all_pair_lexicographic,lexicographic,54,227,0.23788546255506607,0.762114537444934,0.23657479998655617,0.8493962000356987,0.278521142402819,0.721478857597181
d16-c2-h4-s21864827,8,0,16,4,all_pair_product,lexicographic,64,232,0.27586206896551724,0.7241379310344828,0.30881120008416474,0.7812107999343425,0.3952981706219615,0.6047018293780385
d16-c2-h4-s21864827,8,0,16,4,all_pair_lexicographic,lexicographic,46,232,0.19827586206896552,0.8017241379310345,0.3768837000243366,0.7812107999343425,0.48243534274745314,0.5175646572525469
d16-c2-h4-s21864827,8,1,16,4,all_pair_product,lexicographic,64,232,0.27586206896551724,0.7241379310344828,0.2885742000071332,1.2870621999027207,0.22421154162475157,0.7757884583752485
d16-c2-h4-s21864827,8,1,16,4,all_pair_lexicographic,lexicographic,46,232,0.19827586206896552,0.8017241379310345,0.20713930006604642,1.2870621999027207,0.16093961898787992,0.8390603810121201
d16-c2-h4-s21864827,8,2,16,4,all_pair_product,lexicographic,46,232,0.19827586206896552,0.8017241379310345,0.20179079996887594,0.7761611000169069,0.2599857168369819,0.7400142831630181
d16-c2-h4-s21864827,8,2,16,4,all_pair_lexicographic,lexicographic,46,232,0.19827586206896552,0.8017241379310345,0.20510760007891804,0.7761611000169069,0.26425905662426297,0.735740943375737
d16-c2-h4-s21864832,8,0,16,4,all_pair_product,lexicographic,103,233,0.44206008583690987,0.5579399141630901,0.39375759998802096,0.7832699000136927,0.5027099853845239,0.49729001461547606
d16-c2-h4-s21864832,8,0,16,4,all_pair_lexicographic,lexicographic,103,233,0.44206008583690987,0.5579399141630901,0.3888134000590071,0.7832699000136927,0.4963977296359915,0.5036022703640085
d16-c2-h4-s21864832,8,1,16,4,all_pair_product,lexicographic,120,233,0.5150214592274678,0.4849785407725322,0.5039792000316083,0.7264632000587881,0.693743605995217,0.306256394004783
d16-c2-h4-s21864832,8,1,16,4,all_pair_lexicographic,lexicographic,103,233,0.44206008583690987,0.5579399141630901,0.4058657999848947,0.7264632000587881,0.5586873498231577,0.4413126501768423
d16-c2-h4-s21864832,8,2,16,4,all_pair_product,lexicographic,120,233,0.5150214592274678,0.4849785407725322,0.451751499902457,0.7277216999791563,0.620775084644853,0.379224915355147
d16-c2-h4-s21864832,8,2,16,4,all_pair_lexicographic,lexicographic,103,233,0.44206008583690987,0.5579399141630901,0.4789963000221178,0.7277216999791563,0.6582135726278843,0.34178642737211573
d16-c2-h6-s21866817,8,0,16,6,all_pair_product,lexicographic,1065,224,4.754464285714286,-3.7544642857142856,4.6267555999802426,0.8854673000751063,5.22521339815462,-4.22521339815462
d16-c2-h6-s21866817,8,0,16,6,all_pair_lexicographic,lexicographic,1065,224,4.754464285714286,-3.7544642857142856,4.622419900028035,0.8854673000751063,5.220316887632052,-4.220316887632052
d16-c2-h6-s21866817,8,1,16,6,all_pair_product,lexicographic,1067,224,4.763392857142857,-3.7633928571428568,4.435988100012764,0.8820134000852704,5.029388555303022,-4.029388555303022
d16-c2-h6-s21866817,8,1,16,6,all_pair_lexicographic,lexicographic,1065,224,4.754464285714286,-3.7544642857142856,4.492996799992397,0.8820134000852704,5.09402328758047,-4.09402328758047
d16-c2-h6-s21866817,8,2,16,6,all_pair_product,lexicographic,1068,224,4.767857142857143,-3.7678571428571432,4.704575799987651,0.941577999969013,4.996480164301287,-3.9964801643012873
d16-c2-h6-s21866817,8,2,16,6,all_pair_lexicographic,lexicographic,1065,224,4.754464285714286,-3.7544642857142856,4.705230499967001,0.941577999969013,4.997175486387584,-3.997175486387584
d16-c2-h6-s21866822,8,0,16,6,all_pair_product,lexicographic,165,245,0.673469387755102,0.326530612244898,0.7129044000757858,1.2998035999480635,0.548470861370342,0.45152913862965804
d16-c2-h6-s21866822,8,0,16,6,all_pair_lexicographic,lexicographic,164,245,0.6693877551020408,0.33061224489795915,0.7707776000024751,1.2998035999480635,0.5929954341050242,0.4070045658949758
d16-c2-h6-s21866822,8,1,16,6,all_pair_product,lexicographic,165,245,0.673469387755102,0.326530612244898,0.7071323998970911,0.940867199911736,0.7515751425529853,0.2484248574470147
d16-c2-h6-s21866822,8,1,16,6,all_pair_lexicographic,lexicographic,164,245,0.6693877551020408,0.33061224489795915,0.713313200045377,0.940867199911736,0.7581444013696024,0.24185559863039763
d16-c2-h6-s21866822,8,2,16,6,all_pair_product,lexicographic,164,245,0.6693877551020408,0.33061224489795915,0.6952376000117511,0.9684890999924392,0.7178579500968867,0.2821420499031133
d16-c2-h6-s21866822,8,2,16,6,all_pair_lexicographic,lexicographic,164,245,0.6693877551020408,0.33061224489795915,0.8729259000392631,0.9684890999924392,0.9013275420921907,0.09867245790780932
d16-c2-h6-s21866827,8,0,16,6,all_pair_product,lexicographic,1241,231,5.372294372294372,-4.372294372294372,5.691966100013815,1.1951250000856817,4.762653362289085,-3.762653362289085
d16-c2-h6-s21866827,8,0,16,6,all_pair_lexicographic,lexicographic,1028,231,4.45021645021645,-3.45021645021645,4.718950300011784,1.1951250000856817,3.948499361718205,-2.948499361718205
d16-c2-h6-s21866827,8,1,16,6,all_pair_product,lexicographic,1241,231,5.372294372294372,-4.372294372294372,5.849066999973729,0.9918866000371054,5.896910997441564,-4.896910997441564
d16-c2-h6-s21866827,8,1,16,6,all_pair_lexicographic,lexicographic,1028,231,4.45021645021645,-3.45021645021645,4.911702599958517,0.9918866000371054,4.951879176283635,-3.9518791762836347
d16-c2-h6-s21866827,8,2,16,6,all_pair_product,lexicographic,1239,231,5.363636363636363,-4.363636363636363,5.620890700025484,1.0588275999762118,5.308598585975437,-4.308598585975437
d16-c2-h6-s21866827,8,2,16,6,all_pair_lexicographic,lexicographic,1028,231,4.45021645021645,-3.45021645021645,4.7233674000017345,1.0588275999762118,4.4609409502622075,-3.4609409502622075
d16-c2-h6-s21866832,8,0,16,6,all_pair_product,lexicographic,3079,206,14.946601941747574,-13.946601941747574,12.613917900016531,1.1491008999291807,10.977206527985427,-9.977206527985427
d16-c2-h6-s21866832,8,0,16,6,all_pair_lexicographic,lexicographic,2946,206,14.300970873786408,-13.300970873786408,10.880165099981241,1.1491008999291807,9.468415785464781,-8.468415785464781
d16-c2-h6-s21866832,8,1,16,6,all_pair_product,lexicographic,3126,206,15.174757281553399,-14.174757281553399,12.948831199901178,1.1527895999606699,11.232605846151769,-10.232605846151769
d16-c2-h6-s21866832,8,1,16,6,all_pair_lexicographic,lexicographic,2946,206,14.300970873786408,-13.300970873786408,11.874234599992633,1.1527895999606699,10.300435222869595,-9.300435222869595
d16-c2-h6-s21866832,8,2,16,6,all_pair_product,lexicographic,3078,206,14.941747572815533,-13.941747572815533,12.263404599973,0.7606474000494927,16.12232500784866,-15.122325007848659
d16-c2-h6-s21866832,8,2,16,6,all_pair_lexicographic,lexicographic,2946,206,14.300970873786408,-13.300970873786408,11.448627599980682,0.7606474000494927,15.051162469280456,-14.051162469280456
d16-c3-h4-s21864818,8,0,16,4,all_pair_product,lexicographic,628,197,3.1878172588832485,-2.1878172588832485,2.2549433999229223,0.7814792999997735,2.885480651788954,-1.8854806517889542
d16-c3-h4-s21864818,8,0,16,4,all_pair_lexicographic,lexicographic,575,197,2.918781725888325,-1.918781725888325,2.230826099985279,0.7814792999997735,2.8546195657209674,-1.8546195657209674
d16-c3-h4-s21864818,8,1,16,4,all_pair_product,lexicographic,575,197,2.918781725888325,-1.918781725888325,2.0933431999292225,0.6855141000123695,3.05368365127931,-2.05368365127931
d16-c3-h4-s21864818,8,1,16,4,all_pair_lexicographic,lexicographic,575,197,2.918781725888325,-1.918781725888325,2.72006009996403,0.6855141000123695,3.9679126948883314,-2.9679126948883314
d16-c3-h4-s21864818,8,2,16,4,all_pair_product,lexicographic,628,197,3.1878172588832485,-2.1878172588832485,2.451627100002952,0.7073965999297798,3.46570382193852,-2.46570382193852
d16-c3-h4-s21864818,8,2,16,4,all_pair_lexicographic,lexicographic,575,197,2.918781725888325,-1.918781725888325,2.594675699947402,0.7073965999297798,3.6679222096981583,-2.6679222096981583
d16-c3-h4-s21864823,8,0,16,4,all_pair_product,lexicographic,1235,146,8.45890410958904,-7.4589041095890405,4.726200300035998,0.5354764999356121,8.82615819854708,-7.8261581985470805
d16-c3-h4-s21864823,8,0,16,4,all_pair_lexicographic,lexicographic,1234,146,8.452054794520548,-7.4520547945205475,4.373747500008903,0.5354764999356121,8.167954150247155,-7.167954150247155
d16-c3-h4-s21864823,8,1,16,4,all_pair_product,lexicographic,1339,146,9.17123287671233,-8.17123287671233,5.0516650000354275,0.5188061000080779,9.73709638332466,-8.73709638332466
d16-c3-h4-s21864823,8,1,16,4,all_pair_lexicographic,lexicographic,1234,146,8.452054794520548,-7.4520547945205475,4.7338568000122905,0.5188061000080779,9.124520316816984,-8.124520316816984
d16-c3-h4-s21864823,8,2,16,4,all_pair_product,lexicographic,1338,146,9.164383561643836,-8.164383561643836,4.718972699949518,0.6327039999887347,7.458420841394299,-6.458420841394299
d16-c3-h4-s21864823,8,2,16,4,all_pair_lexicographic,lexicographic,1234,146,8.452054794520548,-7.4520547945205475,4.622764299972914,0.6327039999887347,7.306361742703101,-6.306361742703101
d16-c3-h4-s21864828,8,0,16,4,all_pair_product,lexicographic,386,211,1.8293838862559242,-0.8293838862559242,1.2949401000514627,0.7667818999616429,1.6887984707466883,-0.6887984707466883
d16-c3-h4-s21864828,8,0,16,4,all_pair_lexicographic,lexicographic,385,211,1.8246445497630333,-0.8246445497630333,1.332125100074336,0.7667818999616429,1.7372933556999368,-0.7372933556999368
d16-c3-h4-s21864828,8,1,16,4,all_pair_product,lexicographic,508,211,2.4075829383886256,-1.4075829383886256,1.8840106000425294,0.7139967000111938,2.6386825037328503,-1.6386825037328503
d16-c3-h4-s21864828,8,1,16,4,all_pair_lexicographic,lexicographic,385,211,1.8246445497630333,-0.8246445497630333,1.8157602999126539,0.7139967000111938,2.543093406291916,-1.543093406291916
d16-c3-h4-s21864828,8,2,16,4,all_pair_product,lexicographic,508,211,2.4075829383886256,-1.4075829383886256,2.163847799994983,0.7110545999603346,3.0431528044621197,-2.0431528044621197
d16-c3-h4-s21864828,8,2,16,4,all_pair_lexicographic,lexicographic,385,211,1.8246445497630333,-0.8246445497630333,1.6411002998938784,0.7110545999603346,2.3079807091964883,-1.3079807091964883
d16-c3-h4-s21864833,8,0,16,4,all_pair_product,lexicographic,448,235,1.9063829787234043,-0.9063829787234043,1.8533352999947965,0.7568862999323756,2.448631056157819,-1.448631056157819
d16-c3-h4-s21864833,8,0,16,4,all_pair_lexicographic,lexicographic,172,235,0.7319148936170212,0.2680851063829788,0.9232479000929743,0.7568862999323756,1.219797346279702,-0.21979734627970204
d16-c3-h4-s21864833,8,1,16,4,all_pair_product,lexicographic,448,235,1.9063829787234043,-0.9063829787234043,1.6431315999943763,0.8061210999730974,2.038318560386538,-1.038318560386538
d16-c3-h4-s21864833,8,1,16,4,all_pair_lexicographic,lexicographic,172,235,0.7319148936170212,0.2680851063829788,0.6168223000131547,0.8061210999730974,0.7651732475849347,0.23482675241506534
d16-c3-h4-s21864833,8,2,16,4,all_pair_product,lexicographic,433,235,1.8425531914893618,-0.8425531914893618,1.4798396000405774,1.1491489000618458,1.2877701053022235,-0.28777010530222347
d16-c3-h4-s21864833,8,2,16,4,all_pair_lexicographic,lexicographic,172,235,0.7319148936170212,0.2680851063829788,0.6204294000053778,1.1491489000618458,0.53990340152785,0.46009659847215
d16-c3-h6-s21866818,8,0,16,6,all_pair_product,lexicographic,1216,225,5.404444444444445,-4.404444444444445,5.644433800014667,0.9203399999532849,6.132987591869495,-5.132987591869495
d16-c3-h6-s21866818,8,0,16,6,all_pair_lexicographic,lexicographic,1186,225,5.271111111111111,-4.271111111111111,5.235026200069115,0.9203399999532849,5.688143729855094,-4.688143729855094
d16-c3-h6-s21866818,8,1,16,6,all_pair_product,lexicographic,1186,225,5.271111111111111,-4.271111111111111,5.297551699914038,0.9841960999183357,5.3826180578785126,-4.3826180578785126
d16-c3-h6-s21866818,8,1,16,6,all_pair_lexicographic,lexicographic,1186,225,5.271111111111111,-4.271111111111111,5.269662200007588,0.9841960999183357,5.354280717475756,-4.354280717475756
d16-c3-h6-s21866818,8,2,16,6,all_pair_product,lexicographic,1187,225,5.275555555555556,-4.275555555555556,5.526096999994479,0.9757820999948308,5.66324899793074,-4.66324899793074
d16-c3-h6-s21866818,8,2,16,6,all_pair_lexicographic,lexicographic,1186,225,5.271111111111111,-4.271111111111111,5.612361500039697,0.9757820999948308,5.751654493425764,-4.751654493425764
d16-c3-h6-s21866823,8,0,16,6,all_pair_product,lexicographic,838,224,3.7410714285714284,-2.7410714285714284,3.091340300044976,0.9640591000206769,3.206587957085488,-2.206587957085488
d16-c3-h6-s21866823,8,0,16,6,all_pair_lexicographic,lexicographic,838,224,3.7410714285714284,-2.7410714285714284,3.4651189000578597,0.9640591000206769,3.5943013244556696,-2.5943013244556696
d16-c3-h6-s21866823,8,1,16,6,all_pair_product,lexicographic,868,224,3.875,-2.875,3.6545516001060605,0.8513771999860182,4.292517582296163,-3.2925175822961634
d16-c3-h6-s21866823,8,1,16,6,all_pair_lexicographic,lexicographic,838,224,3.7410714285714284,-2.7410714285714284,3.362704199971631,0.8513771999860182,3.9497231074861476,-2.9497231074861476
d16-c3-h6-s21866823,8,2,16,6,all_pair_product,lexicographic,868,224,3.875,-2.875,3.6034036999335513,0.8453563000075519,4.262585728528149,-3.2625857285281494
d16-c3-h6-s21866823,8,2,16,6,all_pair_lexicographic,lexicographic,838,224,3.7410714285714284,-2.7410714285714284,3.5152212000684813,0.8453563000075519,4.1582717252324,-3.1582717252324004
d16-c3-h6-s21866828,8,0,16,6,all_pair_product,lexicographic,3822,207,18.463768115942027,-17.463768115942027,16.47975130006671,1.033947900054045,15.93866702491035,-14.93866702491035
d16-c3-h6-s21866828,8,0,16,6,all_pair_lexicographic,lexicographic,3822,207,18.463768115942027,-17.463768115942027,16.741721000056714,1.033947900054045,16.192035400605402,-15.192035400605402
d16-c3-h6-s21866828,8,1,16,6,all_pair_product,lexicographic,3869,207,18.690821256038646,-17.690821256038646,16.730077799991705,1.273556899977848,13.136498102505437,-12.136498102505437
d16-c3-h6-s21866828,8,1,16,6,all_pair_lexicographic,lexicographic,3822,207,18.463768115942027,-17.463768115942027,16.76302489999216,1.273556899977848,13.162368246195937,-12.162368246195937
d16-c3-h6-s21866828,8,2,16,6,all_pair_product,lexicographic,3869,207,18.690821256038646,-17.690821256038646,17.25421400007326,1.0149610999505967,16.9998771390481,-15.999877139048099
d16-c3-h6-s21866828,8,2,16,6,all_pair_lexicographic,lexicographic,3822,207,18.463768115942027,-17.463768115942027,17.226336199906655,1.0149610999505967,16.972410273403728,-15.972410273403728
d16-c3-h6-s21866833,8,0,16,6,all_pair_product,lexicographic,318,231,1.3766233766233766,-0.37662337662337664,1.3695538999745622,1.00033029995393,1.3691016857508331,-0.36910168575083313
d16-c3-h6-s21866833,8,0,16,6,all_pair_lexicographic,lexicographic,294,231,1.2727272727272727,-0.2727272727272727,1.3084274999564514,1.00033029995393,1.3079954691132625,-0.3079954691132625
d16-c3-h6-s21866833,8,1,16,6,all_pair_product,lexicographic,318,231,1.3766233766233766,-0.37662337662337664,1.6236233999952674,0.7677107999334112,2.1148893569506844,-1.1148893569506844
d16-c3-h6-s21866833,8,1,16,6,all_pair_lexicographic,lexicographic,294,231,1.2727272727272727,-0.2727272727272727,1.4095810999860987,0.7677107999334112,1.8360834576097684,-0.8360834576097684
d16-c3-h6-s21866833,8,2,16,6,all_pair_product,lexicographic,296,231,1.2813852813852813,-0.2813852813852813,1.2361705999355763,0.934648499940522,1.3226048081329422,-0.32260480813294223
d16-c3-h6-s21866833,8,2,16,6,all_pair_lexicographic,lexicographic,294,231,1.2727272727272727,-0.2727272727272727,1.3054447000613436,0.934648499940522,1.396722618336645,-0.396722618336645
d16-c4-h4-s21864819,8,0,16,4,all_pair_product,lexicographic,155,226,0.6858407079646017,0.3141592920353983,0.8461829000152647,0.7910765000851825,1.0696600138218597,-0.06966001382185971
d16-c4-h4-s21864819,8,0,16,4,all_pair_lexicographic,lexicographic,131,226,0.5796460176991151,0.42035398230088494,0.5183155999984592,0.7910765000851825,0.6552028785365858,0.34479712146341424
d16-c4-h4-s21864819,8,1,16,4,all_pair_product,lexicographic,131,226,0.5796460176991151,0.42035398230088494,0.5103306999662891,0.8316318000433967,0.6136498146651664,0.38635018533483356
d16-c4-h4-s21864819,8,1,16,4,all_pair_lexicographic,lexicographic,131,226,0.5796460176991151,0.42035398230088494,0.5809216999914497,0.8316318000433967,0.6985323312085177,0.30146766879148235
d16-c4-h4-s21864819,8,2,16,4,all_pair_product,lexicographic,276,226,1.2212389380530972,-0.22123893805309724,1.1692339000292122,1.0434179999865592,1.120580534401624,-0.12058053440162397
d16-c4-h4-s21864819,8,2,16,4,all_pair_lexicographic,lexicographic,131,226,0.5796460176991151,0.42035398230088494,0.5315020999405533,1.0434179999865592,0.509385596134435,0.490614403865565
d16-c4-h4-s21864824,8,0,16,4,all_pair_product,lexicographic,621,223,2.7847533632286994,-1.7847533632286994,2.5606402999255806,0.8353285999037325,3.0654287429170766,-2.0654287429170766
d16-c4-h4-s21864824,8,0,16,4,all_pair_lexicographic,lexicographic,621,223,2.7847533632286994,-1.7847533632286994,2.282427500002086,0.8353285999037325,2.732370830192004,-1.732370830192004
d16-c4-h4-s21864824,8,1,16,4,all_pair_product,lexicographic,621,223,2.7847533632286994,-1.7847533632286994,2.8526528000365943,0.7958964999997988,3.58420070956125,-2.58420070956125
d16-c4-h4-s21864824,8,1,16,4,all_pair_lexicographic,lexicographic,621,223,2.7847533632286994,-1.7847533632286994,2.414444599999115,0.7958964999997988,3.033616305637385,-2.033616305637385
d16-c4-h4-s21864824,8,2,16,4,all_pair_product,lexicographic,621,223,2.7847533632286994,-1.7847533632286994,2.008196600014344,0.7975506000220776,2.5179550989727217,-1.5179550989727217
d16-c4-h4-s21864824,8,2,16,4,all_pair_lexicographic,lexicographic,621,223,2.7847533632286994,-1.7847533632286994,2.187554999953136,0.7975506000220776,2.742841645273141,-1.742841645273141
d16-c4-h4-s21864829,8,0,16,4,all_pair_product,lexicographic,348,195,1.7846153846153847,-0.7846153846153847,1.2217095999512821,0.639762100065127,1.9096310954133007,-0.9096310954133007
d16-c4-h4-s21864829,8,0,16,4,all_pair_lexicographic,lexicographic,292,195,1.4974358974358974,-0.49743589743589745,1.256141999969259,0.639762100065127,1.9634517265736515,-0.9634517265736515
d16-c4-h4-s21864829,8,1,16,4,all_pair_product,lexicographic,292,195,1.4974358974358974,-0.49743589743589745,1.233680000063032,0.6033715000376105,2.0446441371296653,-1.0446441371296653
d16-c4-h4-s21864829,8,1,16,4,all_pair_lexicographic,lexicographic,292,195,1.4974358974358974,-0.49743589743589745,1.0773027999093756,0.6033715000376105,1.785471802765333,-0.7854718027653329
d16-c4-h4-s21864829,8,2,16,4,all_pair_product,lexicographic,347,195,1.7794871794871794,-0.7794871794871794,1.2999050999060273,0.7857414999743924,1.654367371391726,-0.654367371391726
d16-c4-h4-s21864829,8,2,16,4,all_pair_lexicographic,lexicographic,292,195,1.4974358974358974,-0.49743589743589745,1.235761999967508,0.7857414999743924,1.5727335262395865,-0.5727335262395865
d16-c4-h4-s21864834,8,0,16,4,all_pair_product,lexicographic,103,208,0.4951923076923077,0.5048076923076923,0.41377049998845905,0.6923367000417784,0.597643458686345,0.40235654131365495
d16-c4-h4-s21864834,8,0,16,4,all_pair_lexicographic,lexicographic,103,208,0.4951923076923077,0.5048076923076923,0.390718900016509,0.6923367000417784,0.5643480982489176,0.43565190175108237
d16-c4-h4-s21864834,8,1,16,4,all_pair_product,lexicographic,103,208,0.4951923076923077,0.5048076923076923,0.4076886000111699,0.6792341999243945,0.6002180103071219,0.39978198969287815
d16-c4-h4-s21864834,8,1,16,4,all_pair_lexicographic,lexicographic,103,208,0.4951923076923077,0.5048076923076923,0.4132477000821382,0.6792341999243945,0.6084023745096121,0.3915976254903879
d16-c4-h4-s21864834,8,2,16,4,all_pair_product,lexicographic,103,208,0.4951923076923077,0.5048076923076923,0.5136985999997705,0.7642727999482304,0.6721403666787134,0.32785963332128665
d16-c4-h4-s21864834,8,2,16,4,all_pair_lexicographic,lexicographic,103,208,0.4951923076923077,0.5048076923076923,0.4953555000247434,0.7642727999482304,0.6481396434078216,0.3518603565921784
d16-c4-h6-s21866819,8,0,16,6,all_pair_product,lexicographic,2982,225,13.253333333333334,-12.253333333333334,12.922676200047135,0.8664232000010088,14.914970190124283,-13.914970190124283
d16-c4-h6-s21866819,8,0,16,6,all_pair_lexicographic,lexicographic,2948,225,13.102222222222222,-12.102222222222222,12.99041580001358,0.8664232000010088,14.993153230428796,-13.993153230428796
d16-c4-h6-s21866819,8,1,16,6,all_pair_product,lexicographic,2952,225,13.12,-12.12,12.846383100026287,1.1683974999468774,10.994873834127823,-9.994873834127823
d16-c4-h6-s21866819,8,1,16,6,all_pair_lexicographic,lexicographic,2948,225,13.102222222222222,-12.102222222222222,12.798634900012985,1.1683974999468774,10.954007433767096,-9.954007433767096
d16-c4-h6-s21866819,8,2,16,6,all_pair_product,lexicographic,2952,225,13.12,-12.12,13.525933300028555,0.9953476999653503,13.58915412222223,-12.58915412222223
d16-c4-h6-s21866819,8,2,16,6,all_pair_lexicographic,lexicographic,2948,225,13.102222222222222,-12.102222222222222,13.335332099930383,0.9953476999653503,13.397662043519674,-12.397662043519674
d16-c4-h6-s21866824,8,0,16,6,all_pair_product,lexicographic,3389,227,14.929515418502202,-13.929515418502202,14.133831300074235,0.8741515000583604,16.168629006677477,-15.168629006677477
d16-c4-h6-s21866824,8,0,16,6,all_pair_lexicographic,lexicographic,2772,227,12.211453744493392,-11.211453744493392,10.436158000025898,0.8741515000583604,11.938614758802286,-10.938614758802286
d16-c4-h6-s21866824,8,1,16,6,all_pair_product,lexicographic,3363,227,14.814977973568283,-13.814977973568283,15.009781599976122,0.8868942999979481,16.923980230801853,-15.923980230801853
d16-c4-h6-s21866824,8,1,16,6,all_pair_lexicographic,lexicographic,2772,227,12.211453744493392,-11.211453744493392,10.677528600092046,0.8868942999979481,12.039234664284965,-11.039234664284965
d16-c4-h6-s21866824,8,2,16,6,all_pair_product,lexicographic,3389,227,14.929515418502202,-13.929515418502202,14.519794100080617,1.0980797000229359,13.222896388829826,-12.222896388829826
d16-c4-h6-s21866824,8,2,16,6,all_pair_lexicographic,lexicographic,2772,227,12.211453744493392,-11.211453744493392,11.7472160999896,1.0980797000229359,10.697963089331525,-9.697963089331525
d16-c4-h6-s21866829,8,0,16,6,all_pair_product,lexicographic,1844,175,10.537142857142857,-9.537142857142857,7.7820915000047535,0.8282514000311494,9.395808446218238,-8.395808446218238
d16-c4-h6-s21866829,8,0,16,6,all_pair_lexicographic,lexicographic,1844,175,10.537142857142857,-9.537142857142857,8.378485599998385,0.8282514000311494,10.11587254749377,-9.11587254749377
d16-c4-h6-s21866829,8,1,16,6,all_pair_product,lexicographic,1845,175,10.542857142857143,-9.542857142857143,8.563368799979798,0.7033616999397054,12.174914842127286,-11.174914842127286
d16-c4-h6-s21866829,8,1,16,6,all_pair_lexicographic,lexicographic,1844,175,10.537142857142857,-9.537142857142857,8.517625399981625,0.7033616999397054,12.109879455636817,-11.109879455636817
d16-c4-h6-s21866829,8,2,16,6,all_pair_product,lexicographic,1845,175,10.542857142857143,-9.542857142857143,8.81578940001782,0.9017353999661282,9.776470348562302,-8.776470348562302
d16-c4-h6-s21866829,8,2,16,6,all_pair_lexicographic,lexicographic,1844,175,10.537142857142857,-9.537142857142857,8.360936700017191,0.9017353999661282,9.27205109207341,-8.27205109207341
d16-c4-h6-s21866834,8,0,16,6,all_pair_product,lexicographic,1119,245,4.56734693877551,-3.5673469387755103,4.393645599950105,0.8827000999590382,4.977506630115928,-3.9775066301159283
d16-c4-h6-s21866834,8,0,16,6,all_pair_lexicographic,lexicographic,1110,245,4.530612244897959,-3.5306122448979593,4.924719700007699,0.8827000999590382,5.579153894098609,-4.579153894098609
d16-c4-h6-s21866834,8,1,16,6,all_pair_product,lexicographic,1120,245,4.571428571428571,-3.571428571428571,4.072446699952707,1.3745115000056103,2.9628320315516343,-1.9628320315516343
d16-c4-h6-s21866834,8,1,16,6,all_pair_lexicographic,lexicographic,1110,245,4.530612244897959,-3.5306122448979593,4.79476579988841,1.3745115000056103,3.4883417125784972,-2.4883417125784972
d16-c4-h6-s21866834,8,2,16,6,all_pair_product,lexicographic,1128,245,4.604081632653061,-3.6040816326530614,4.094368000049144,0.9698506999993697,4.221647723770066,-3.221647723770066
d16-c4-h6-s21866834,8,2,16,6,all_pair_lexicographic,lexicographic,1110,245,4.530612244897959,-3.5306122448979593,4.847696900018491,0.9698506999993697,4.998395010718291,-3.9983950107182906
d20-c0-h4-s22264815,8,0,20,4,all_pair_product,lexicographic,330,233,1.4163090128755365,-0.41630901287553645,3.2548618998844177,2.628940899972804,1.2380886538446296,-0.23808865384462963
d20-c0-h4-s22264815,8,0,20,4,all_pair_lexicographic,lexicographic,330,233,1.4163090128755365,-0.41630901287553645,3.3947836000006646,2.628940899972804,1.291312254313432,-0.2913122543134321
d20-c0-h4-s22264815,8,1,20,4,all_pair_product,lexicographic,330,233,1.4163090128755365,-0.41630901287553645,3.931541600031778,2.6861399998888373,1.4636398699228188,-0.4636398699228188
d20-c0-h4-s22264815,8,1,20,4,all_pair_lexicographic,lexicographic,330,233,1.4163090128755365,-0.41630901287553645,4.039853000082076,2.6861399998888373,1.503962191192291,-0.5039621911922909
d20-c0-h4-s22264815,8,2,20,4,all_pair_product,lexicographic,330,233,1.4163090128755365,-0.41630901287553645,4.229205199982971,2.3251889999955893,1.818865133110037,-0.818865133110037
d20-c0-h4-s22264815,8,2,20,4,all_pair_lexicographic,lexicographic,330,233,1.4163090128755365,-0.41630901287553645,3.4611979000037536,2.3251889999955893,1.4885662627899579,-0.48856626278995785
d20-c0-h4-s22264818,8,0,20,4,all_pair_product,lexicographic,258,193,1.3367875647668395,-0.33678756476683946,2.932076600030996,2.181452300050296,1.3440938405865641,-0.3440938405865641
d20-c0-h4-s22264818,8,0,20,4,all_pair_lexicographic,lexicographic,258,193,1.3367875647668395,-0.33678756476683946,3.334905100055039,2.181452300050296,1.5287545365892936,-0.5287545365892936
d20-c0-h4-s22264818,8,1,20,4,all_pair_product,lexicographic,258,193,1.3367875647668395,-0.33678756476683946,2.9750844000373036,2.256188299972564,1.3186330237035098,-0.31863302370350977
d20-c0-h4-s22264818,8,1,20,4,all_pair_lexicographic,lexicographic,258,193,1.3367875647668395,-0.33678756476683946,3.1065461999969557,2.256188299972564,1.3769002348051944,-0.3769002348051944
d20-c0-h4-s22264818,8,2,20,4,all_pair_product,lexicographic,258,193,1.3367875647668395,-0.33678756476683946,3.1855749000096694,1.9823060999624431,1.6070045388399015,-0.6070045388399015
d20-c0-h4-s22264818,8,2,20,4,all_pair_lexicographic,lexicographic,258,193,1.3367875647668395,-0.33678756476683946,2.8084107999457046,1.9823060999624431,1.416739221051135,-0.4167392210511349
d20-c0-h4-s22264821,8,0,20,4,all_pair_product,lexicographic,203,211,0.9620853080568721,0.03791469194312791,2.4229647000320256,2.384232999989763,1.016244930777499,-0.016244930777499
d20-c0-h4-s22264821,8,0,20,4,all_pair_lexicographic,lexicographic,203,211,0.9620853080568721,0.03791469194312791,2.972975999931805,2.384232999989763,1.2469318224957753,-0.24693182249577528
d20-c0-h4-s22264821,8,1,20,4,all_pair_product,lexicographic,203,211,0.9620853080568721,0.03791469194312791,2.3096979999681935,2.3544099999126047,0.981009254995489,0.018990745004511034
d20-c0-h4-s22264821,8,1,20,4,all_pair_lexicographic,lexicographic,203,211,0.9620853080568721,0.03791469194312791,2.1657518999418244,2.3544099999126047,0.9198703284569029,0.08012967154309714
d20-c0-h4-s22264821,8,2,20,4,all_pair_product,lexicographic,203,211,0.9620853080568721,0.03791469194312791,2.2261903999606147,2.4727867000037804,0.900275951806604,0.09972404819339598
d20-c0-h4-s22264821,8,2,20,4,all_pair_lexicographic,lexicographic,203,211,0.9620853080568721,0.03791469194312791,2.1318336999975145,2.4727867000037804,0.8621179093183635,0.13788209068163648
d20-c0-h4-s22264824,8,0,20,4,all_pair_product,lexicographic,363,241,1.5062240663900415,-0.5062240663900415,4.411844599992037,2.540641100029461,1.7365083954364422,-0.7365083954364422
d20-c0-h4-s22264824,8,0,20,4,all_pair_lexicographic,lexicographic,363,241,1.5062240663900415,-0.5062240663900415,3.809545599971898,2.540641100029461,1.4994426406499222,-0.49944264064992216
d20-c0-h4-s22264824,8,1,20,4,all_pair_product,lexicographic,363,241,1.5062240663900415,-0.5062240663900415,4.276892499998212,2.963074899977073,1.4433966890378993,-0.4433966890378993
d20-c0-h4-s22264824,8,1,20,4,all_pair_lexicographic,lexicographic,363,241,1.5062240663900415,-0.5062240663900415,4.187628799933009,2.963074899977073,1.4132713283641296,-0.4132713283641296
d20-c0-h4-s22264824,8,2,20,4,all_pair_product,lexicographic,363,241,1.5062240663900415,-0.5062240663900415,4.272237199940719,2.646359800011851,1.6143825945064563,-0.6143825945064563
d20-c0-h4-s22264824,8,2,20,4,all_pair_lexicographic,lexicographic,363,241,1.5062240663900415,-0.5062240663900415,4.289677000022493,2.646359800011851,1.6209727037129582,-0.6209727037129582
d20-c0-h4-s22264827,8,0,20,4,all_pair_product,lexicographic,382,248,1.5403225806451613,-0.5403225806451613,4.488169200019911,2.843632600037381,1.5783224597864407,-0.5783224597864407
d20-c0-h4-s22264827,8,0,20,4,all_pair_lexicographic,lexicographic,382,248,1.5403225806451613,-0.5403225806451613,4.5823414999758825,2.843632600037381,1.6114393610185946,-0.6114393610185946
d20-c0-h4-s22264827,8,1,20,4,all_pair_product,lexicographic,382,248,1.5403225806451613,-0.5403225806451613,4.268364000017755,2.896264599985443,1.4737479441758214,-0.47374794417582144
d20-c0-h4-s22264827,8,1,20,4,all_pair_lexicographic,lexicographic,382,248,1.5403225806451613,-0.5403225806451613,4.434593199985102,2.896264599985443,1.5311422858282322,-0.5311422858282322
d20-c0-h4-s22264827,8,2,20,4,all_pair_product,lexicographic,382,248,1.5403225806451613,-0.5403225806451613,4.436572400038131,3.0555689999600872,1.4519627604862082,-0.4519627604862082
d20-c0-h4-s22264827,8,2,20,4,all_pair_lexicographic,lexicographic,382,248,1.5403225806451613,-0.5403225806451613,4.659314400050789,3.0555689999600872,1.5248598215624163,-0.5248598215624163
d20-c0-h4-s22264830,8,0,20,4,all_pair_product,lexicographic,229,250,0.916,0.08399999999999996,2.3521960999350995,2.5865098000504076,0.9094093128467011,0.09059068715329888
d20-c0-h4-s22264830,8,0,20,4,all_pair_lexicographic,lexicographic,229,250,0.916,0.08399999999999996,3.2012760000070557,2.5865098000504076,1.23768175939046,-0.2376817593904601
d20-c0-h4-s22264830,8,1,20,4,all_pair_product,lexicographic,229,250,0.916,0.08399999999999996,2.3307192999636754,3.2908502999925986,0.7082422740314007,0.2917577259685993
d20-c0-h4-s22264830,8,1,20,4,all_pair_lexicographic,lexicographic,229,250,0.916,0.08399999999999996,2.378966600052081,3.2908502999925986,0.722903317740534,0.27709668225946604
d20-c0-h4-s22264830,8,2,20,4,all_pair_product,lexicographic,229,250,0.916,0.08399999999999996,2.5732877999544144,2.7989842999959365,0.9193648567296895,0.08063514327031052
d20-c0-h4-s22264830,8,2,20,4,all_pair_lexicographic,lexicographic,229,250,0.916,0.08399999999999996,2.50383319996763,2.7989842999959365,0.8945506410919365,0.1054493589080635
d20-c0-h4-s22264833,8,0,20,4,all_pair_product,lexicographic,598,220,2.7181818181818183,-1.7181818181818183,6.741867600008845,2.5792090999893844,2.613928277484983,-1.613928277484983
d20-c0-h4-s22264833,8,0,20,4,all_pair_lexicographic,lexicographic,599,220,2.7227272727272727,-1.7227272727272727,6.746477700071409,2.5792090999893844,2.6157156859051005,-1.6157156859051005
d20-c0-h4-s22264833,8,1,20,4,all_pair_product,lexicographic,741,220,3.368181818181818,-2.368181818181818,8.448332599946298,2.1569708000170067,3.9167579829451964,-2.9167579829451964
d20-c0-h4-s22264833,8,1,20,4,all_pair_lexicographic,lexicographic,599,220,2.7227272727272727,-1.7227272727272727,7.0976975000230595,2.1569708000170067,3.2905858067096214,-2.2905858067096214
d20-c0-h4-s22264833,8,2,20,4,all_pair_product,lexicographic,597,220,2.713636363636364,-1.7136363636363638,7.611543599981815,2.711945499991998,2.8066727742147743,-1.8066727742147743
d20-c0-h4-s22264833,8,2,20,4,all_pair_lexicographic,lexicographic,599,220,2.7227272727272727,-1.7227272727272727,7.400252899969928,2.711945499991998,2.7287616583709973,-1.7287616583709973
d20-c0-h6-s22266815,8,0,20,6,all_pair_product,lexicographic,771,258,2.988372093023256,-1.9883720930232558,8.473594499984756,3.173791900044307,2.669864555349852,-1.669864555349852
d20-c0-h6-s22266815,8,0,20,6,all_pair_lexicographic,lexicographic,245,258,0.9496124031007752,0.050387596899224785,2.6516712000593543,3.173791900044307,0.8354899387141091,0.16451006128589085
d20-c0-h6-s22266815,8,1,20,6,all_pair_product,lexicographic,248,258,0.9612403100775194,0.03875968992248058,3.2577562000369653,3.2278574999654666,1.0092627075612286,-0.0092627075612286
d20-c0-h6-s22266815,8,1,20,6,all_pair_lexicographic,lexicographic,245,258,0.9496124031007752,0.050387596899224785,2.7850890000117943,3.2278574999654666,0.8628289817755557,0.13717101822444433
d20-c0-h6-s22266815,8,2,20,6,all_pair_product,lexicographic,248,258,0.9612403100775194,0.03875968992248058,2.671041400055401,2.9947153000393882,0.8919183068989128,0.10808169310108717
d20-c0-h6-s22266815,8,2,20,6,all_pair_lexicographic,lexicographic,245,258,0.9496124031007752,0.050387596899224785,2.5364894000813365,2.9947153000393882,0.8469884933796462,0.1530115066203538
d20-c0-h6-s22266821,8,0,20,6,all_pair_product,lexicographic,612,255,2.4,-1.4,6.5689788000890985,2.691519199986942,2.440621192715611,-1.4406211927156112
d20-c0-h6-s22266821,8,0,20,6,all_pair_lexicographic,lexicographic,612,255,2.4,-1.4,6.204618200077675,2.691519199986942,2.3052476088997533,-1.3052476088997533
d20-c0-h6-s22266821,8,1,20,6,all_pair_product,lexicographic,613,255,2.403921568627451,-1.4039215686274509,6.3409529000055045,2.6826111000264063,2.363724246106,-1.363724246106
d20-c0-h6-s22266821,8,1,20,6,all_pair_lexicographic,lexicographic,612,255,2.4,-1.4,6.423078100080602,2.6826111000264063,2.3943381506239856,-1.3943381506239856
d20-c0-h6-s22266821,8,2,20,6,all_pair_product,lexicographic,613,255,2.403921568627451,-1.4039215686274509,6.432738800067455,2.7695238000014797,2.322687676511037,-1.3226876765110371
d20-c0-h6-s22266821,8,2,20,6,all_pair_lexicographic,lexicographic,612,255,2.4,-1.4,6.034456599969417,2.7695238000014797,2.1788787660774727,-1.1788787660774727
d20-c0-h6-s22266824,8,0,20,6,all_pair_product,lexicographic,1834,263,6.973384030418251,-5.973384030418251,20.431084000039846,2.7454456998966634,7.441809539634623,-6.441809539634623
d20-c0-h6-s22266824,8,0,20,6,all_pair_lexicographic,lexicographic,988,263,3.7566539923954374,-2.7566539923954374,11.726776600000449,2.7454456998966634,4.271356232047072,-3.271356232047072
d20-c0-h6-s22266824,8,1,20,6,all_pair_product,lexicographic,988,263,3.7566539923954374,-2.7566539923954374,11.806322299991734,3.1019207999343053,3.806132735639729,-2.806132735639729
d20-c0-h6-s22266824,8,1,20,6,all_pair_lexicographic,lexicographic,988,263,3.7566539923954374,-2.7566539923954374,11.745974200079218,3.1019207999343053,3.7866776612504043,-2.7866776612504043
d20-c0-h6-s22266824,8,2,20,6,all_pair_product,lexicographic,988,263,3.7566539923954374,-2.7566539923954374,11.675296100089327,3.046185699990019,3.832759145355971,-2.832759145355971
d20-c0-h6-s22266824,8,2,20,6,all_pair_lexicographic,lexicographic,988,263,3.7566539923954374,-2.7566539923954374,12.005066200043075,3.046185699990019,3.941015874403983,-2.941015874403983
d20-c0-h6-s22266827,8,0,20,6,all_pair_product,lexicographic,1440,257,5.603112840466926,-4.603112840466926,15.070095700095408,2.844010500004515,5.298888910597019,-4.298888910597019
d20-c0-h6-s22266827,8,0,20,6,all_pair_lexicographic,lexicographic,1416,257,5.509727626459144,-4.509727626459144,14.189970399951562,2.844010500004515,4.989422648027859,-3.989422648027859
d20-c0-h6-s22266827,8,1,20,6,all_pair_product,lexicographic,1638,257,6.373540856031128,-5.373540856031128,17.664723200025037,2.806925099925138,6.293264897056271,-5.293264897056271
d20-c0-h6-s22266827,8,1,20,6,all_pair_lexicographic,lexicographic,1416,257,5.509727626459144,-4.509727626459144,14.813319399952888,2.806925099925138,5.277418838268241,-4.277418838268241
d20-c0-h6-s22266827,8,2,20,6,all_pair_product,lexicographic,1662,257,6.466926070038911,-5.466926070038911,18.211417399928905,2.9784790000412613,6.114334665336441,-5.114334665336441
d20-c0-h6-s22266827,8,2,20,6,all_pair_lexicographic,lexicographic,1416,257,5.509727626459144,-4.509727626459144,15.977518299943767,2.9784790000412613,5.364321286039764,-4.364321286039764
d20-c1-h4-s22264816,8,0,20,4,all_pair_product,lexicographic,44,242,0.18181818181818182,0.8181818181818181,0.47817460005171597,2.5885308999568224,0.18472817923853724,0.8152718207614628
d20-c1-h4-s22264816,8,0,20,4,all_pair_lexicographic,lexicographic,44,242,0.18181818181818182,0.8181818181818181,0.5365070999832824,2.5885308999568224,0.2072631622795121,0.7927368377204879
d20-c1-h4-s22264816,8,1,20,4,all_pair_product,lexicographic,44,242,0.18181818181818182,0.8181818181818181,0.47557859995868057,2.9874294999754056,0.15919324622140735,0.8408067537785926
d20-c1-h4-s22264816,8,1,20,4,all_pair_lexicographic,lexicographic,44,242,0.18181818181818182,0.8181818181818181,0.48046120000071824,2.9874294999754056,0.16082762790039856,0.8391723720996014
d20-c1-h4-s22264816,8,2,20,4,all_pair_product,lexicographic,44,242,0.18181818181818182,0.8181818181818181,0.5084752000402659,3.091603499953635,0.16446973230813444,0.8355302676918656
d20-c1-h4-s22264816,8,2,20,4,all_pair_lexicographic,lexicographic,44,242,0.18181818181818182,0.8181818181818181,0.48742949997540563,3.091603499953635,0.15766235870243892,0.8423376412975611
d20-c1-h4-s22264819,8,0,20,4,all_pair_product,lexicographic,320,264,1.2121212121212122,-0.21212121212121215,3.5176358999451622,3.054507900029421,1.1516211498131272,-0.15162114981312724
d20-c1-h4-s22264819,8,0,20,4,all_pair_lexicographic,lexicographic,320,264,1.2121212121212122,-0.21212121212121215,3.6188068999908864,3.054507900029421,1.1847430153826186,-0.18474301538261861
d20-c1-h4-s22264819,8,1,20,4,all_pair_product,lexicographic,320,264,1.2121212121212122,-0.21212121212121215,3.4313702000072226,2.7527991000097245,1.2465022238619232,-0.24650222386192322
d20-c1-h4-s22264819,8,1,20,4,all_pair_lexicographic,lexicographic,320,264,1.2121212121212122,-0.21212121212121215,3.3964764999691397,2.7527991000097245,1.2338265077016122,-0.23382650770161217
d20-c1-h4-s22264819,8,2,20,4,all_pair_product,lexicographic,320,264,1.2121212121212122,-0.21212121212121215,3.385140399914235,2.8656823000637814,1.1812685585694171,-0.18126855856941715
d20-c1-h4-s22264819,8,2,20,4,all_pair_lexicographic,lexicographic,320,264,1.2121212121212122,-0.21212121212121215,3.494046699954197,2.8656823000637814,1.2192721781742624,-0.21927217817426237
d20-c1-h4-s22264822,8,0,20,4,all_pair_product,lexicographic,32,266,0.12030075187969924,0.8796992481203008,0.4099111999385059,3.0708738999674097,0.13348356633688416,0.8665164336631158
d20-c1-h4-s22264822,8,0,20,4,all_pair_lexicographic,lexicographic,32,266,0.12030075187969924,0.8796992481203008,0.4027573000639677,3.0708738999674097,0.1311539689299004,0.8688460310700996
d20-c1-h4-s22264822,8,1,20,4,all_pair_product,lexicographic,32,266,0.12030075187969924,0.8796992481203008,0.36319529998581856,3.179831799934618,0.1142183998516168,0.8857816001483831
d20-c1-h4-s22264822,8,1,20,4,all_pair_lexicographic,lexicographic,32,266,0.12030075187969924,0.8796992481203008,0.333844400011003,3.179831799934618,0.10498806887139985,0.8950119311286001
d20-c1-h4-s22264822,8,2,20,4,all_pair_product,lexicographic,32,266,0.12030075187969924,0.8796992481203008,0.32505669991951436,2.7677302999654785,0.11744522214594708,0.8825547778540529
d20-c1-h4-s22264822,8,2,20,4,all_pair_lexicographic,lexicographic,32,266,0.12030075187969924,0.8796992481203008,0.5237457000184804,2.7677302999654785,0.1892329249078254,0.8107670750921746
d20-c1-h4-s22264825,8,0,20,4,all_pair_product,lexicographic,170,203,0.8374384236453202,0.16256157635467983,1.9955561000388116,2.0853673999663442,0.9569326249518516,0.04306737504814839
d20-c1-h4-s22264825,8,0,20,4,all_pair_lexicographic,lexicographic,170,203,0.8374384236453202,0.16256157635467983,2.341540399938822,2.0853673999663442,1.1228431018805665,-0.12284310188056646
d20-c1-h4-s22264825,8,1,20,4,all_pair_product,lexicographic,170,203,0.8374384236453202,0.16256157635467983,1.9236618999857455,2.0553548000752926,0.9359269260544589,0.06407307394554107
d20-c1-h4-s22264825,8,1,20,4,all_pair_lexicographic,lexicographic,170,203,0.8374384236453202,0.16256157635467983,2.2286543999798596,2.0553548000752926,1.0843161481892172,-0.08431614818921718
d20-c1-h4-s22264825,8,2,20,4,all_pair_product,lexicographic,170,203,0.8374384236453202,0.16256157635467983,1.9331759000197053,2.167987099965103,0.891691606491027,0.10830839350897303
d20-c1-h4-s22264825,8,2,20,4,all_pair_lexicographic,lexicographic,170,203,0.8374384236453202,0.16256157635467983,1.9682402999605983,2.167987099965103,0.9078653189367595,0.09213468106324052
d20-c1-h4-s22264828,8,0,20,4,all_pair_product,lexicographic,667,211,3.161137440758294,-2.161137440758294,7.692772900103591,2.4950820000376552,3.083174380636586,-2.083174380636586
d20-c1-h4-s22264828,8,0,20,4,all_pair_lexicographic,lexicographic,667,211,3.161137440758294,-2.161137440758294,7.677081999951042,2.4950820000376552,3.0768856493835397,-2.0768856493835397
d20-c1-h4-s22264828,8,1,20,4,all_pair_product,lexicographic,667,211,3.161137440758294,-2.161137440758294,7.868508500047028,2.40327500004787,3.2740774567580897,-2.2740774567580897
d20-c1-h4-s22264828,8,1,20,4,all_pair_lexicographic,lexicographic,667,211,3.161137440758294,-2.161137440758294,7.837220499990508,2.40327500004787,3.2610585554438845,-2.2610585554438845
d20-c1-h4-s22264828,8,2,20,4,all_pair_product,lexicographic,667,211,3.161137440758294,-2.161137440758294,8.118266400066204,2.4102690001018345,3.368199317056812,-2.368199317056812
d20-c1-h4-s22264828,8,2,20,4,all_pair_lexicographic,lexicographic,667,211,3.161137440758294,-2.161137440758294,7.979218200081959,2.4102690001018345,3.3105094077652057,-2.3105094077652057
d20-c1-h4-s22264831,8,0,20,4,all_pair_product,lexicographic,96,269,0.35687732342007433,0.6431226765799256,0.998199800029397,2.903739499975927,0.3437635504278784,0.6562364495721216
d20-c1-h4-s22264831,8,0,20,4,all_pair_lexicographic,lexicographic,96,269,0.35687732342007433,0.6431226765799256,0.9270718999905512,2.903739499975927,0.3192682745811864,0.6807317254188137
d20-c1-h4-s22264831,8,1,20,4,all_pair_product,lexicographic,96,269,0.35687732342007433,0.6431226765799256,0.8896002999972552,3.1731492000399157,0.2803524964997123,0.7196475035002877
d20-c1-h4-s22264831,8,1,20,4,all_pair_lexicographic,lexicographic,96,269,0.35687732342007433,0.6431226765799256,1.313101900042966,3.1731492000399157,0.4138166273512913,0.5861833726487087
d20-c1-h4-s22264831,8,2,20,4,all_pair_product,lexicographic,96,269,0.35687732342007433,0.6431226765799256,0.878903399920091,2.840048099984415,0.3094677868043552,0.6905322131956448
d20-c1-h4-s22264831,8,2,20,4,all_pair_lexicographic,lexicographic,96,269,0.35687732342007433,0.6431226765799256,1.0823899999959394,2.840048099984415,0.38111678460723225,0.6188832153927677
d20-c1-h4-s22264834,8,0,20,4,all_pair_product,lexicographic,527,213,2.4741784037558685,-1.4741784037558685,7.6146066000219434,2.347338999970816,3.243931362328413,-2.243931362328413
d20-c1-h4-s22264834,8,0,20,4,all_pair_lexicographic,lexicographic,527,213,2.4741784037558685,-1.4741784037558685,6.4249532999238,2.347338999970816,2.737122034782228,-1.737122034782228
d20-c1-h4-s22264834,8,1,20,4,all_pair_product,lexicographic,527,213,2.4741784037558685,-1.4741784037558685,5.981886200024746,2.3178209000034258,2.5808233069327766,-1.5808233069327766
d20-c1-h4-s22264834,8,1,20,4,all_pair_lexicographic,lexicographic,527,213,2.4741784037558685,-1.4741784037558685,7.577527899993584,2.3178209000034258,3.2692465151135637,-2.2692465151135637
d20-c1-h4-s22264834,8,2,20,4,all_pair_product,lexicographic,527,213,2.4741784037558685,-1.4741784037558685,6.146602399996482,2.446712800068781,2.5121879445040265,-1.5121879445040265
d20-c1-h4-s22264834,8,2,20,4,all_pair_lexicographic,lexicographic,527,213,2.4741784037558685,-1.4741784037558685,6.768909499980509,2.446712800068781,2.766532099635979,-1.7665320996359788
d20-c1-h6-s22266822,8,0,20,6,all_pair_product,lexicographic,1587,274,5.791970802919708,-4.791970802919708,17.58107920002658,2.5695921999868006,6.841972512259685,-5.841972512259685
d20-c1-h6-s22266822,8,0,20,6,all_pair_lexicographic,lexicographic,1568,274,5.7226277372262775,-4.7226277372262775,17.248965800041333,2.5695921999868006,6.7127249997606375,-5.7127249997606375
d20-c1-h6-s22266822,8,1,20,6,all_pair_product,lexicographic,1588,274,5.795620437956204,-4.795620437956204,17.01554719998967,2.693069800036028,6.318271884286859,-5.318271884286859
d20-c1-h6-s22266822,8,1,20,6,all_pair_lexicographic,lexicographic,1568,274,5.7226277372262775,-4.7226277372262775,16.38060230005067,2.693069800036028,6.082501946229366,-5.082501946229366
d20-c1-h6-s22266822,8,2,20,6,all_pair_product,lexicographic,1588,274,5.795620437956204,-4.795620437956204,17.086190999951214,3.0638799999142066,5.576651500851748,-4.576651500851748
d20-c1-h6-s22266822,8,2,20,6,all_pair_lexicographic,lexicographic,1568,274,5.7226277372262775,-4.7226277372262775,17.18137509992812,3.0638799999142066,5.607718024338167,-4.607718024338167
d20-c1-h6-s22266825,8,0,20,6,all_pair_product,lexicographic,499,269,1.8550185873605949,-0.8550185873605949,6.021522599970922,3.2323826999636367,1.8628742815752175,-0.8628742815752175
d20-c1-h6-s22266825,8,0,20,6,all_pair_lexicographic,lexicographic,499,269,1.8550185873605949,-0.8550185873605949,5.82659309997689,3.2323826999636367,1.802569076997732,-0.8025690769977321
d20-c1-h6-s22266825,8,1,20,6,all_pair_product,lexicographic,499,269,1.8550185873605949,-0.8550185873605949,5.633931599906646,3.2130361000308767,1.7534604108097338,-0.7534604108097338
d20-c1-h6-s22266825,8,1,20,6,all_pair_lexicographic,lexicographic,499,269,1.8550185873605949,-0.8550185873605949,5.80668409995269,3.2130361000308767,1.8072265356423756,-0.8072265356423756
d20-c1-h6-s22266825,8,2,20,6,all_pair_product,lexicographic,499,269,1.8550185873605949,-0.8550185873605949,5.907272199983709,3.4122765000211075,1.7311821594607493,-0.7311821594607493
d20-c1-h6-s22266825,8,2,20,6,all_pair_lexicographic,lexicographic,499,269,1.8550185873605949,-0.8550185873605949,5.5226346999406815,3.4122765000211075,1.6184604910846234,-0.6184604910846234
d20-c1-h6-s22266828,8,0,20,6,all_pair_product,lexicographic,2580,259,9.961389961389962,-8.961389961389962,28.107004099991173,2.7676057999487966,10.155710795414281,-9.155710795414281
d20-c1-h6-s22266828,8,0,20,6,all_pair_lexicographic,lexicographic,2579,259,9.957528957528957,-8.957528957528957,27.487952600000426,2.7676057999487966,9.932033167624153,-8.932033167624153
d20-c1-h6-s22266828,8,1,20,6,all_pair_product,lexicographic,2579,259,9.957528957528957,-8.957528957528957,27.472915399936028,2.3984542000107467,11.454425687933892,-10.454425687933892
d20-c1-h6-s22266828,8,1,20,6,all_pair_lexicographic,lexicographic,2579,259,9.957528957528957,-8.957528957528957,26.914102000067942,2.3984542000107467,11.221436707003765,-10.221436707003765
d20-c1-h6-s22266828,8,2,20,6,all_pair_product,lexicographic,2580,259,9.961389961389962,-8.961389961389962,28.173482900019735,3.071250000037253,9.173295205430364,-8.173295205430364
d20-c1-h6-s22266828,8,2,20,6,all_pair_lexicographic,lexicographic,2579,259,9.957528957528957,-8.957528957528957,29.156718399957754,3.071250000037253,9.493437004348097,-8.493437004348097
d20-c1-h6-s22266831,8,0,20,6,all_pair_product,lexicographic,1994,205,9.726829268292683,-8.726829268292683,24.62417780002579,2.528562599909492,9.73840940339274,-8.73840940339274
d20-c1-h6-s22266831,8,0,20,6,all_pair_lexicographic,lexicographic,1616,205,7.882926829268293,-6.882926829268293,21.643301700009033,2.528562599909492,8.559527733576278,-7.559527733576278
d20-c1-h6-s22266831,8,1,20,6,all_pair_product,lexicographic,1995,205,9.731707317073171,-8.731707317073171,24.891450900002383,2.5170127999735996,9.889282605262661,-8.889282605262661
d20-c1-h6-s22266831,8,1,20,6,all_pair_lexicographic,lexicographic,1616,205,7.882926829268293,-6.882926829268293,20.95923000003677,2.5170127999735996,8.327025591707999,-7.327025591707999
d20-c1-h6-s22266831,8,2,20,6,all_pair_product,lexicographic,1995,205,9.731707317073171,-8.731707317073171,24.726281599956565,2.4835826999042183,9.955892187890566,-8.955892187890566
d20-c1-h6-s22266831,8,2,20,6,all_pair_lexicographic,lexicographic,1616,205,7.882926829268293,-6.882926829268293,21.199012500001118,2.4835826999042183,8.535657983452163,-7.535657983452163
d20-c1-h6-s22266834,8,0,20,6,all_pair_product,lexicographic,877,167,5.251497005988024,-4.251497005988024,11.505928199971095,2.0579818999394774,5.590879200788631,-4.590879200788631
d20-c1-h6-s22266834,8,0,20,6,all_pair_lexicographic,lexicographic,877,167,5.251497005988024,-4.251497005988024,10.034098700038157,2.0579818999394774,4.875698226662366,-3.875698226662366
d20-c1-h6-s22266834,8,1,20,6,all_pair_product,lexicographic,877,167,5.251497005988024,-4.251497005988024,9.377987100044265,2.162295600050129,4.3370513725444635,-3.3370513725444635
d20-c1-h6-s22266834,8,1,20,6,all_pair_lexicographic,lexicographic,877,167,5.251497005988024,-4.251497005988024,9.749202700098976,2.162295600050129,4.508727992543183,-3.508727992543183
d20-c1-h6-s22266834,8,2,20,6,all_pair_product,lexicographic,877,167,5.251497005988024,-4.251497005988024,8.552586600068025,1.7735694999573752,4.822244969973588,-3.822244969973588
d20-c1-h6-s22266834,8,2,20,6,all_pair_lexicographic,lexicographic,877,167,5.251497005988024,-4.251497005988024,8.591695100069046,1.7735694999573752,4.84429569874512,-3.8442956987451202
d20-c2-h4-s22264817,8,0,20,4,all_pair_product,lexicographic,348,235,1.4808510638297872,-0.48085106382978715,3.8884796000784263,2.702043400029652,1.4390885061415943,-0.43908850614159434
d20-c2-h4-s22264817,8,0,20,4,all_pair_lexicographic,lexicographic,348,235,1.4808510638297872,-0.48085106382978715,3.6576705999905244,2.702043400029652,1.3536683385434836,-0.35366833854348356
d20-c2-h4-s22264817,8,1,20,4,all_pair_product,lexicographic,708,235,3.0127659574468084,-2.0127659574468084,7.8812333000823855,2.9087343000574037,2.7095060899604513,-1.7095060899604513
d20-c2-h4-s22264817,8,1,20,4,all_pair_lexicographic,lexicographic,348,235,1.4808510638297872,-0.48085106382978715,3.760013599996455,2.9087343000574037,1.2926631352757971,-0.2926631352757971
d20-c2-h4-s22264817,8,2,20,4,all_pair_product,lexicographic,348,235,1.4808510638297872,-0.48085106382978715,3.7970808000536636,2.3333707998972386,1.6272942132561556,-0.6272942132561556
d20-c2-h4-s22264817,8,2,20,4,all_pair_lexicographic,lexicographic,348,235,1.4808510638297872,-0.48085106382978715,3.690393100026995,2.3333707998972386,1.581571647416484,-0.581571647416484
d20-c2-h4-s22264820,8,0,20,4,all_pair_product,lexicographic,526,252,2.0873015873015874,-1.0873015873015874,6.108323900029063,3.080724500003271,1.9827556472584869,-0.9827556472584869
d20-c2-h4-s22264820,8,0,20,4,all_pair_lexicographic,lexicographic,526,252,2.0873015873015874,-1.0873015873015874,6.0794866000069305,3.080724500003271,1.9733950893695544,-0.9733950893695544
d20-c2-h4-s22264820,8,1,20,4,all_pair_product,lexicographic,526,252,2.0873015873015874,-1.0873015873015874,6.189363099983893,2.7718188000144437,2.2329609352356083,-1.2329609352356083
d20-c2-h4-s22264820,8,1,20,4,all_pair_lexicographic,lexicographic,526,252,2.0873015873015874,-1.0873015873015874,5.687530800001696,2.7718188000144437,2.0519129172412205,-1.0519129172412205
d20-c2-h4-s22264820,8,2,20,4,all_pair_product,lexicographic,526,252,2.0873015873015874,-1.0873015873015874,5.695922299986705,2.9011366999475285,1.9633415757657076,-0.9633415757657076
d20-c2-h4-s22264820,8,2,20,4,all_pair_lexicographic,lexicographic,526,252,2.0873015873015874,-1.0873015873015874,6.330327200004831,2.9011366999475285,2.1820161732190435,-1.1820161732190435
d20-c2-h4-s22264823,8,0,20,4,all_pair_product,lexicographic,115,173,0.6647398843930635,0.33526011560693647,1.4512571999803185,1.9044910999946296,0.7620183680482471,0.23798163195175293
d20-c2-h4-s22264823,8,0,20,4,all_pair_lexicographic,lexicographic,115,173,0.6647398843930635,0.33526011560693647,1.3876385999610648,1.9044910999946296,0.7286138538347476,0.27138614616525236
d20-c2-h4-s22264823,8,1,20,4,all_pair_product,lexicographic,115,173,0.6647398843930635,0.33526011560693647,1.5041595000075176,1.883544099982828,0.7985793908521871,0.2014206091478129
d20-c2-h4-s22264823,8,1,20,4,all_pair_lexicographic,lexicographic,115,173,0.6647398843930635,0.33526011560693647,1.5844016999471933,1.883544099982828,0.841181101075169,0.15881889892483103
d20-c2-h4-s22264823,8,2,20,4,all_pair_product,lexicographic,115,173,0.6647398843930635,0.33526011560693647,1.3023988000350073,1.8010273999534547,0.723142135465938,0.276857864534062
d20-c2-h4-s22264823,8,2,20,4,all_pair_lexicographic,lexicographic,115,173,0.6647398843930635,0.33526011560693647,1.3983929000096396,1.8010273999534547,0.7764417687625292,0.22355823123747076
d20-c2-h4-s22264826,8,0,20,4,all_pair_product,lexicographic,71,255,0.2784313725490196,0.7215686274509804,0.9528268999420106,2.8658558999886736,0.3324755093044896,0.6675244906955105
d20-c2-h4-s22264826,8,0,20,4,all_pair_lexicographic,lexicographic,71,255,0.2784313725490196,0.7215686274509804,0.7191714999498799,2.8658558999886736,0.2509447526488412,0.7490552473511588
d20-c2-h4-s22264826,8,1,20,4,all_pair_product,lexicographic,71,255,0.2784313725490196,0.7215686274509804,0.7214800999499857,2.792233800049871,0.25838814068402854,0.7416118593159715
d20-c2-h4-s22264826,8,1,20,4,all_pair_lexicographic,lexicographic,71,255,0.2784313725490196,0.7215686274509804,0.8332363000372425,2.792233800049871,0.2984120814031978,0.7015879185968021
d20-c2-h4-s22264826,8,2,20,4,all_pair_product,lexicographic,71,255,0.2784313725490196,0.7215686274509804,0.7194420000305399,2.759321599965915,0.2607314783602705,0.7392685216397294
d20-c2-h4-s22264826,8,2,20,4,all_pair_lexicographic,lexicographic,71,255,0.2784313725490196,0.7215686274509804,0.8947240000125021,2.759321599965915,0.3242550632820597,0.6757449367179402
d20-c2-h4-s22264829,8,0,20,4,all_pair_product,lexicographic,357,227,1.5726872246696035,-0.5726872246696035,4.024882999947295,2.7661067000590265,1.455071490865268,-0.455071490865268
d20-c2-h4-s22264829,8,0,20,4,all_pair_lexicographic,lexicographic,357,227,1.5726872246696035,-0.5726872246696035,4.113447100040503,2.7661067000590265,1.4870890916654536,-0.48708909166545356
d20-c2-h4-s22264829,8,1,20,4,all_pair_product,lexicographic,358,227,1.577092511013216,-0.5770925110132159,4.267683999962173,3.022843400016427,1.4118111444142232,-0.4118111444142232
d20-c2-h4-s22264829,8,1,20,4,all_pair_lexicographic,lexicographic,357,227,1.5726872246696035,-0.5726872246696035,4.431182999978773,3.022843400016427,1.4658989612080775,-0.4658989612080775
d20-c2-h4-s22264829,8,2,20,4,all_pair_product,lexicographic,358,227,1.577092511013216,-0.5770925110132159,3.8745603000279516,2.969774299999699,1.304664903332332,-0.3046649033323321
d20-c2-h4-s22264829,8,2,20,4,all_pair_lexicographic,lexicographic,357,227,1.5726872246696035,-0.5726872246696035,3.853678600047715,2.969774299999699,1.2976334935783187,-0.2976334935783187
d20-c2-h4-s22264832,8,0,20,4,all_pair_product,lexicographic,207,248,0.8346774193548387,0.16532258064516125,2.4021756999427453,2.740443899994716,0.8765644499956292,0.12343555000437079
d20-c2-h4-s22264832,8,0,20,4,all_pair_lexicographic,lexicographic,207,248,0.8346774193548387,0.16532258064516125,2.550776199903339,2.740443899994716,0.9307894242638054,0.0692105757361946
d20-c2-h4-s22264832,8,1,20,4,all_pair_product,lexicographic,207,248,0.8346774193548387,0.16532258064516125,2.364764399942942,2.805371499969624,0.8429416210895945,0.15705837891040553
d20-c2-h4-s22264832,8,1,20,4,all_pair_lexicographic,lexicographic,207,248,0.8346774193548387,0.16532258064516125,2.086159799946472,2.805371499969624,0.7436304959856691,0.2563695040143309
d20-c2-h4-s22264832,8,2,20,4,all_pair_product,lexicographic,207,248,0.8346774193548387,0.16532258064516125,2.12733340007253,3.4183460000203922,0.6223282839302514,0.3776717160697486
d20-c2-h4-s22264832,8,2,20,4,all_pair_lexicographic,lexicographic,207,248,0.8346774193548387,0.16532258064516125,2.2254394000628963,3.4183460000203922,0.6510281288230099,0.34897187117699013
d20-c2-h6-s22266820,8,0,20,6,all_pair_product,lexicographic,935,275,3.4,-2.4,9.325795499957167,2.6199525000993162,3.559528464582334,-2.559528464582334
d20-c2-h6-s22266820,8,0,20,6,all_pair_lexicographic,lexicographic,935,275,3.4,-2.4,9.053883699933067,2.6199525000993162,3.455743453207589,-2.455743453207589
d20-c2-h6-s22266820,8,1,20,6,all_pair_product,lexicographic,934,275,3.3963636363636365,-2.3963636363636365,9.966975899995305,2.5743514000205323,3.8716454559839075,-2.8716454559839075
d20-c2-h6-s22266820,8,1,20,6,all_pair_lexicographic,lexicographic,935,275,3.4,-2.4,9.524696100037545,2.5743514000205323,3.699843036176638,-2.699843036176638
d20-c2-h6-s22266820,8,2,20,6,all_pair_product,lexicographic,934,275,3.3963636363636365,-2.3963636363636365,8.959478500066325,2.9123949999921024,3.0763267002211654,-2.0763267002211654
d20-c2-h6-s22266820,8,2,20,6,all_pair_lexicographic,lexicographic,935,275,3.4,-2.4,9.074166500009596,2.9123949999921024,3.1157059739610196,-2.1157059739610196
d20-c2-h6-s22266823,8,0,20,6,all_pair_product,lexicographic,1980,214,9.25233644859813,-8.25233644859813,23.220044400077313,2.5893354000290856,8.96756920707008,-7.967569207070079
d20-c2-h6-s22266823,8,0,20,6,all_pair_lexicographic,lexicographic,1978,214,9.242990654205608,-8.242990654205608,21.54991320008412,2.5893354000290856,8.322565396449628,-7.322565396449628
d20-c2-h6-s22266823,8,1,20,6,all_pair_product,lexicographic,1980,214,9.25233644859813,-8.25233644859813,21.35692419996485,2.121688599931076,10.066003182869832,-9.066003182869832
d20-c2-h6-s22266823,8,1,20,6,all_pair_lexicographic,lexicographic,1978,214,9.242990654205608,-8.242990654205608,20.613376099965535,2.121688599931076,9.715552084615608,-8.715552084615608
d20-c2-h6-s22266823,8,2,20,6,all_pair_product,lexicographic,1979,214,9.24766355140187,-8.24766355140187,21.01677619991824,2.1675307999830693,9.696183417593145,-8.696183417593145
d20-c2-h6-s22266823,8,2,20,6,all_pair_lexicographic,lexicographic,1978,214,9.242990654205608,-8.242990654205608,22.07031169999391,2.1675307999830693,10.182236718466147,-9.182236718466147
d20-c2-h6-s22266829,8,0,20,6,all_pair_product,lexicographic,2484,236,10.525423728813559,-9.525423728813559,25.886411800049245,2.4487929000752047,10.571090678698983,-9.571090678698983
d20-c2-h6-s22266829,8,0,20,6,all_pair_lexicographic,lexicographic,2484,236,10.525423728813559,-9.525423728813559,25.861881399992853,2.4487929000752047,10.561073335029112,-9.561073335029112
d20-c2-h6-s22266829,8,1,20,6,all_pair_product,lexicographic,2484,236,10.525423728813559,-9.525423728813559,25.124592400039546,2.684315000078641,9.359777969166617,-8.359777969166617
d20-c2-h6-s22266829,8,1,20,6,all_pair_lexicographic,lexicographic,2484,236,10.525423728813559,-9.525423728813559,26.938584999996237,2.684315000078641,10.03555283161888,-9.03555283161888
d20-c2-h6-s22266829,8,2,20,6,all_pair_product,lexicographic,2484,236,10.525423728813559,-9.525423728813559,26.180496499990113,2.431423000060022,10.767561423637032,-9.767561423637032
d20-c2-h6-s22266829,8,2,20,6,all_pair_lexicographic,lexicographic,2484,236,10.525423728813559,-9.525423728813559,25.919789099949412,2.431423000060022,10.660337217880047,-9.660337217880047
d20-c2-h6-s22266832,8,0,20,6,all_pair_product,lexicographic,2122,247,8.591093117408906,-7.5910931174089065,22.51613450003788,2.725325600011274,8.261814478220412,-7.261814478220412
d20-c2-h6-s22266832,8,0,20,6,all_pair_lexicographic,lexicographic,2122,247,8.591093117408906,-7.5910931174089065,22.416589900036342,2.725325600011274,8.225288714105798,-7.2252887141057975
d20-c2-h6-s22266832,8,1,20,6,all_pair_product,lexicographic,2122,247,8.591093117408906,-7.5910931174089065,22.061644900008105,2.5974588999524713,8.49354917623982,-7.493549176239821
d20-c2-h6-s22266832,8,1,20,6,all_pair_lexicographic,lexicographic,2122,247,8.591093117408906,-7.5910931174089065,22.184603600064293,2.5974588999524713,8.540887249638573,-7.540887249638573
d20-c2-h6-s22266832,8,2,20,6,all_pair_lexicographic,lexicographic,2122,247,8.591093117408906,-7.5910931174089065,23.341435299953446,2.420993600040674,9.641262702867655,-8.641262702867655
