instance_id,order,class_index,presentation_seed,hidden_rows,seed_rows,seed_digest,target_digest,block_size,policy,tie_repetition,tie_seed,max_nodes,max_seconds,solved,termination,elapsed_seconds,nodes,backtracks,dead_ends,candidate_evaluations,exact_prunes,symmetry_prunes,completed_rows,scoring_calls,scoring_seconds,solution_digest,verification_passed
d12-c0-h10-s21470815,12,0,21470815,10,2,9c4508e7c3922450b34749e854fe1303150468e8ae932153cefb8b26ce54cb93,40489f037e34f0b2c0f75a4f2d28d435caa3e818d431ce57ca36c91d1ade4718,8,all_pair_lexicographic,0,49731654,300000,30.0,True,solved,0.3948953999206424,344,324,324,15896,14346,674,53,102,0.010649400996044278,d296b0b2606fca030b7916d914df4e5cf8217b36bf27dbba10afacff7170f2ac,True
d12-c0-h10-s21470815,12,0,21470815,10,2,9c4508e7c3922450b34749e854fe1303150468e8ae932153cefb8b26ce54cb93,40489f037e34f0b2c0f75a4f2d28d435caa3e818d431ce57ca36c91d1ade4718,8,all_pair_product,0,49731654,300000,30.0,True,solved,25.035566599923186,39766,39746,39746,1484224,1272790,171170,4702,8379,0.43300360266584903,f78662f24cd3811e95f71e10377a7a4e7d7860756bdcb5ed7956e8855bdbb7c5,True
d12-c0-h10-s21470815,12,0,21470815,10,2,9c4508e7c3922450b34749e854fe1303150468e8ae932153cefb8b26ce54cb93,40489f037e34f0b2c0f75a4f2d28d435caa3e818d431ce57ca36c91d1ade4718,8,balance_only,0,49731654,300000,30.0,False,time_budget,30.0014040999813,50978,50966,50966,1787952,1543209,193423,5564,10137,0.18061219702940434,,False
d12-c0-h10-s21470815,12,0,21470815,10,2,9c4508e7c3922450b34749e854fe1303150468e8ae932153cefb8b26ce54cb93,40489f037e34f0b2c0f75a4f2d28d435caa3e818d431ce57ca36c91d1ade4718,8,lexicographic,0,49731654,300000,30.0,True,solved,0.06024640006944537,73,53,53,3064,2394,54,10,0,0.0,f6331ac116fdbce954e7610829d4ab16e20ad6e080c4ccf8d7bd09da9de8aecf,True
d12-c0-h10-s21470815,12,0,21470815,10,2,9c4508e7c3922450b34749e854fe1303150468e8ae932153cefb8b26ce54cb93,40489f037e34f0b2c0f75a4f2d28d435caa3e818d431ce57ca36c91d1ade4718,8,minimum_max_pressure,0,49731654,300000,30.0,False,time_budget,30.001975099905394,51971,51961,51961,1833840,1573113,208397,5717,10279,0.10874581034295261,,False
d12-c0-h10-s21470815,12,0,21470815,10,2,9c4508e7c3922450b34749e854fe1303150468e8ae932153cefb8b26ce54cb93,40489f037e34f0b2c0f75a4f2d28d435caa3e818d431ce57ca36c91d1ade4718,8,random_order,0,49731654,300000,30.0,False,time_budget,30.003004499943927,53255,53243,53243,1883792,1584443,245833,5877,10586,0.09399559849407524,,False
d12-c0-h10-s21470815,12,0,21470815,10,2,9c4508e7c3922450b34749e854fe1303150468e8ae932153cefb8b26ce54cb93,40489f037e34f0b2c0f75a4f2d28d435caa3e818d431ce57ca36c91d1ade4718,8,all_pair_lexicographic,1,59731673,300000,30.0,True,solved,0.4696516999974847,344,324,324,15896,14346,674,53,102,0.010869299061596394,d296b0b2606fca030b7916d914df4e5cf8217b36bf27dbba10afacff7170f2ac,True
d12-c0-h10-s21470815,12,0,21470815,10,2,9c4508e7c3922450b34749e854fe1303150468e8ae932153cefb8b26ce54cb93,40489f037e34f0b2c0f75a4f2d28d435caa3e818d431ce57ca36c91d1ade4718,8,all_pair_product,1,59731673,300000,30.0,False,time_budget,30.002184999990277,49708,49700,49700,1806064,1551262,204768,5678,10076,0.5167419016361237,,False
d12-c0-h10-s21470815,12,0,21470815,10,2,9c4508e7c3922450b34749e854fe1303150468e8ae932153cefb8b26ce54cb93,40489f037e34f0b2c0f75a4f2d28d435caa3e818d431ce57ca36c91d1ade4718,8,balance_only,1,59731673,300000,30.0,False,time_budget,30.002178100054152,48360,48350,48350,1810656,1558289,203654,5740,10052,0.17650639987550676,,False
d12-c0-h10-s21470815,12,0,21470815,10,2,9c4508e7c3922450b34749e854fe1303150468e8ae932153cefb8b26ce54cb93,40489f037e34f0b2c0f75a4f2d28d435caa3e818d431ce57ca36c91d1ade4718,8,lexicographic,1,59731673,300000,30.0,True,solved,0.07252550008706748,73,53,53,3064,2394,54,10,0,0.0,f6331ac116fdbce954e7610829d4ab16e20ad6e080c4ccf8d7bd09da9de8aecf,True
d12-c0-h10-s21470815,12,0,21470815,10,2,9c4508e7c3922450b34749e854fe1303150468e8ae932153cefb8b26ce54cb93,40489f037e34f0b2c0f75a4f2d28d435caa3e818d431ce57ca36c91d1ade4718,8,minimum_max_pressure,1,59731673,300000,30.0,False,time_budget,30.003230300033465,51138,51132,51132,1848256,1592636,204146,5802,10298,0.1060509973904118,,False
d12-c0-h10-s21470815,12,0,21470815,10,2,9c4508e7c3922450b34749e854fe1303150468e8ae932153cefb8b26ce54cb93,40489f037e34f0b2c0f75a4f2d28d435caa3e818d431ce57ca36c91d1ade4718,8,random_order,1,59731673,300000,30.0,False,time_budget,30.002816800028086,53502,53494,53494,1886016,1591280,240935,5878,10669,0.0946043049916625,,False
d12-c0-h10-s21470815,12,0,21470815,10,2,9c4508e7c3922450b34749e854fe1303150468e8ae932153cefb8b26ce54cb93,40489f037e34f0b2c0f75a4f2d28d435caa3e818d431ce57ca36c91d1ade4718,8,all_pair_lexicographic,2,69731692,300000,30.0,True,solved,0.35277029999997467,344,324,324,15896,14346,674,53,102,0.009921200340613723,d296b0b2606fca030b7916d914df4e5cf8217b36bf27dbba10afacff7170f2ac,True
d12-c0-h10-s21470815,12,0,21470815,10,2,9c4508e7c3922450b34749e854fe1303150468e8ae932153cefb8b26ce54cb93,40489f037e34f0b2c0f75a4f2d28d435caa3e818d431ce57ca36c91d1ade4718,8,all_pair_product,2,69731692,300000,30.0,False,time_budget,30.002509400015697,64101,64093,64093,2125560,1709534,351669,6502,12331,0.5849886952200904,,False
d12-c0-h10-s21470815,12,0,21470815,10,2,9c4508e7c3922450b34749e854fe1303150468e8ae932153cefb8b26ce54cb93,40489f037e34f0b2c0f75a4f2d28d435caa3e818d431ce57ca36c91d1ade4718,8,balance_only,2,69731692,300000,30.0,False,time_budget,30.001559099997394,58163,58155,58155,2045816,1657783,329553,6372,11690,0.19382328691426665,,False
d12-c0-h10-s21470815,12,0,21470815,10,2,9c4508e7c3922450b34749e854fe1303150468e8ae932153cefb8b26ce54cb93,40489f037e34f0b2c0f75a4f2d28d435caa3e818d431ce57ca36c91d1ade4718,8,lexicographic,2,69731692,300000,30.0,True,solved,0.05180299992207438,73,53,53,3064,2394,54,10,0,0.0,f6331ac116fdbce954e7610829d4ab16e20ad6e080c4ccf8d7bd09da9de8aecf,True
d12-c0-h10-s21470815,12,0,21470815,10,2,9c4508e7c3922450b34749e854fe1303150468e8ae932153cefb8b26ce54cb93,40489f037e34f0b2c0f75a4f2d28d435caa3e818d431ce57ca36c91d1ade4718,8,minimum_max_pressure,2,69731692,300000,30.0,False,time_budget,30.003462200053036,63997,63991,63991,2121008,1705632,351130,6487,12328,0.12046699959319085,,False
d12-c0-h10-s21470815,12,0,21470815,10,2,9c4508e7c3922450b34749e854fe1303150468e8ae932153cefb8b26ce54cb93,40489f037e34f0b2c0f75a4f2d28d435caa3e818d431ce57ca36c91d1ade4718,8,random_order,2,69731692,300000,30.0,False,time_budget,30.00011170003563,66750,66746,66746,2164112,1751444,345750,6572,12508,0.10321790317539126,,False
d12-c0-h10-s21470816,12,0,21470816,10,2,5e0b6bdac51c0e7f9e655d033bedab0fa1d5c59445a1f0ea904d82a0c02fa755,0994a5c6f7991636c7db681e1b1bcd427bb965181eaf9cb2835cbdebfe944c6d,8,all_pair_lexicographic,0,49731655,300000,30.0,True,solved,1.321765200002119,1971,1951,1951,80992,70023,8447,263,437,0.027072701486758888,1ad5de518d750b2e68cdd191e278f35af508a1cb273c9cd2df88717b2974b0a4,True
d12-c0-h10-s21470816,12,0,21470816,10,2,5e0b6bdac51c0e7f9e655d033bedab0fa1d5c59445a1f0ea904d82a0c02fa755,0994a5c6f7991636c7db681e1b1bcd427bb965181eaf9cb2835cbdebfe944c6d,8,all_pair_product,0,49731655,300000,30.0,False,time_budget,30.003510000067763,49067,49061,49061,1872112,1583798,238938,5965,10544,0.5032611966598779,,False
d12-c0-h10-s21470816,12,0,21470816,10,2,5e0b6bdac51c0e7f9e655d033bedab0fa1d5c59445a1f0ea904d82a0c02fa755,0994a5c6f7991636c7db681e1b1bcd427bb965181eaf9cb2835cbdebfe944c6d,8,balance_only,0,49731655,300000,30.0,False,time_budget,30.002735599991865,48990,48984,48984,1872240,1584567,238410,5968,10524,0.1738366971258074,,False
d12-c0-h10-s21470816,12,0,21470816,10,2,5e0b6bdac51c0e7f9e655d033bedab0fa1d5c59445a1f0ea904d82a0c02fa755,0994a5c6f7991636c7db681e1b1bcd427bb965181eaf9cb2835cbdebfe944c6d,8,lexicographic,0,49731655,300000,30.0,True,solved,0.04841920000035316,71,51,51,3048,2369,65,10,0,0.0,117f1555896244714d879c61561155075dfe9cb5dff89acc4f9d37aaa2904564,True
d12-c0-h10-s21470816,12,0,21470816,10,2,5e0b6bdac51c0e7f9e655d033bedab0fa1d5c59445a1f0ea904d82a0c02fa755,0994a5c6f7991636c7db681e1b1bcd427bb965181eaf9cb2835cbdebfe944c6d,8,minimum_max_pressure,0,49731655,300000,30.0,False,time_budget,30.00213449995499,49051,49041,49041,1877688,1585802,242582,5988,10588,0.10506700375117362,,False
d12-c0-h10-s21470816,12,0,21470816,10,2,5e0b6bdac51c0e7f9e655d033bedab0fa1d5c59445a1f0ea904d82a0c02fa755,0994a5c6f7991636c7db681e1b1bcd427bb965181eaf9cb2835cbdebfe944c6d,8,random_order,0,49731655,300000,30.0,False,time_budget,30.001676799962297,49727,49719,49719,1892272,1599372,242896,6025,10638,0.09071479830890894,,False
d12-c0-h10-s21470816,12,0,21470816,10,2,5e0b6bdac51c0e7f9e655d033bedab0fa1d5c59445a1f0ea904d82a0c02fa755,0994a5c6f7991636c7db681e1b1bcd427bb965181eaf9cb2835cbdebfe944c6d,8,all_pair_lexicographic,1,59731674,300000,30.0,True,solved,1.5361435000086203,1971,1951,1951,80992,70023,8447,263,437,0.03342520026490092,1ad5de518d750b2e68cdd191e278f35af508a1cb273c9cd2df88717b2974b0a4,True
d12-c0-h10-s21470816,12,0,21470816,10,2,5e0b6bdac51c0e7f9e655d033bedab0fa1d5c59445a1f0ea904d82a0c02fa755,0994a5c6f7991636c7db681e1b1bcd427bb965181eaf9cb2835cbdebfe944c6d,8,all_pair_product,1,59731674,300000,30.0,False,time_budget,30.000660700025037,41348,41340,41340,1555416,1349922,163792,4937,8609,0.5118552015628666,,False
d12-c0-h10-s21470816,12,0,21470816,10,2,5e0b6bdac51c0e7f9e655d033bedab0fa1d5c59445a1f0ea904d82a0c02fa755,0994a5c6f7991636c7db681e1b1bcd427bb965181eaf9cb2835cbdebfe944c6d,8,balance_only,1,59731674,300000,30.0,False,time_budget,30.00267070007976,41516,41510,41510,1592968,1366593,184587,5083,8749,0.1692248951876536,,False
d12-c0-h10-s21470816,12,0,21470816,10,2,5e0b6bdac51c0e7f9e655d033bedab0fa1d5c59445a1f0ea904d82a0c02fa755,0994a5c6f7991636c7db681e1b1bcd427bb965181eaf9cb2835cbdebfe944c6d,8,lexicographic,1,59731674,300000,30.0,True,solved,0.05352200008928776,71,51,51,3048,2369,65,10,0,0.0,117f1555896244714d879c61561155075dfe9cb5dff89acc4f9d37aaa2904564,True
d12-c0-h10-s21470816,12,0,21470816,10,2,5e0b6bdac51c0e7f9e655d033bedab0fa1d5c59445a1f0ea904d82a0c02fa755,0994a5c6f7991636c7db681e1b1bcd427bb965181eaf9cb2835cbdebfe944c6d,8,minimum_max_pressure,1,59731674,300000,30.0,False,time_budget,30.0002793999156,41625,41615,41615,1550440,1351684,156819,4908,8508,0.10041379975154996,,False
d12-c0-h10-s21470816,12,0,21470816,10,2,5e0b6bdac51c0e7f9e655d033bedab0fa1d5c59445a1f0ea904d82a0c02fa755,0994a5c6f7991636c7db681e1b1bcd427bb965181eaf9cb2835cbdebfe944c6d,8,random_order,1,59731674,300000,30.0,False,time_budget,30.001266499981284,45393,45383,45383,1701856,1423052,233156,5397,9144,0.09081950772088021,,False
d12-c0-h10-s21470816,12,0,21470816,10,2,5e0b6bdac51c0e7f9e655d033bedab0fa1d5c59445a1f0ea904d82a0c02fa755,0994a5c6f7991636c7db681e1b1bcd427bb965181eaf9cb2835cbdebfe944c6d,8,all_pair_lexicographic,2,69731693,300000,30.0,True,solved,1.5495987000176683,1971,1951,1951,80992,70023,8447,263,437,0.03229059907607734,1ad5de518d750b2e68cdd191e278f35af508a1cb273c9cd2df88717b2974b0a4,True
d12-c0-h10-s21470816,12,0,21470816,10,2,5e0b6bdac51c0e7f9e655d033bedab0fa1d5c59445a1f0ea904d82a0c02fa755,0994a5c6f7991636c7db681e1b1bcd427bb965181eaf9cb2835cbdebfe944c6d,8,all_pair_product,2,69731693,300000,30.0,False,time_budget,30.004445899976417,47175,47165,47165,1792992,1460428,285063,5707,9993,0.5112184941535816,,False
d12-c0-h10-s21470816,12,0,21470816,10,2,5e0b6bdac51c0e7f9e655d033bedab0fa1d5c59445a1f0ea904d82a0c02fa755,0994a5c6f7991636c7db681e1b1bcd427bb965181eaf9cb2835cbdebfe944c6d,8,balance_only,2,69731693,300000,30.0,False,time_budget,30.002635000040755,44135,44129,44129,1772392,1449112,278870,5722,9913,0.1800833053421229,,False
d12-c0-h10-s21470816,12,0,21470816,10,2,5e0b6bdac51c0e7f9e655d033bedab0fa1d5c59445a1f0ea904d82a0c02fa755,0994a5c6f7991636c7db681e1b1bcd427bb965181eaf9cb2835cbdebfe944c6d,8,lexicographic,2,69731693,300000,30.0,True,solved,0.05978120001964271,71,51,51,3048,2369,65,10,0,0.0,117f1555896244714d879c61561155075dfe9cb5dff89acc4f9d37aaa2904564,True
d12-c0-h10-s21470816,12,0,21470816,10,2,5e0b6bdac51c0e7f9e655d033bedab0fa1d5c59445a1f0ea904d82a0c02fa755,0994a5c6f7991636c7db681e1b1bcd427bb965181eaf9cb2835cbdebfe944c6d,8,minimum_max_pressure,2,69731693,300000,30.0,False,time_budget,30.001298199989833,47416,47408,47408,1788968,1460478,280791,5683,9952,0.11195789836347103,,False
d12-c0-h10-s21470816,12,0,21470816,10,2,5e0b6bdac51c0e7f9e655d033bedab0fa1d5c59445a1f0ea904d82a0c02fa755,0994a5c6f7991636c7db681e1b1bcd427bb965181eaf9cb2835cbdebfe944c6d,8,random_order,2,69731693,300000,30.0,False,time_budget,30.002219099900685,48420,48412,48412,1821552,1486551,286360,5782,10136,0.09672670299187303,,False
d12-c0-h10-s21470817,12,0,21470817,10,2,2958c32416b0bb23e6fb65f248c9d0520896a62cba5e3542763ba6d9f63cf389,d09f0935138115a9476a1a9ddbfeef2705f6f2acda4474432b0e1ef59db45898,8,all_pair_lexicographic,0,49731656,300000,30.0,True,solved,1.027145699947141,1405,1385,1385,51912,46556,3446,164,323,0.023523799842223525,7d0ff23ce796bc6e593c71c4f757d6bac4c1f6fa93770af2abc0c4a6b81a4d71,True
d12-c0-h10-s21470817,12,0,21470817,10,2,2958c32416b0bb23e6fb65f248c9d0520896a62cba5e3542763ba6d9f63cf389,d09f0935138115a9476a1a9ddbfeef2705f6f2acda4474432b0e1ef59db45898,8,all_pair_product,0,49731656,300000,30.0,False,time_budget,30.003916999907233,36251,36241,36241,1507696,1251941,219207,4909,8587,0.4804055964341387,,False
d12-c0-h10-s21470817,12,0,21470817,10,2,2958c32416b0bb23e6fb65f248c9d0520896a62cba5e3542763ba6d9f63cf389,d09f0935138115a9476a1a9ddbfeef2705f6f2acda4474432b0e1ef59db45898,8,balance_only,0,49731656,300000,30.0,False,time_budget,30.000568500021473,35835,35825,35825,1499408,1233907,229406,4889,8511,0.17543350521009415,,False
d12-c0-h10-s21470817,12,0,21470817,10,2,2958c32416b0bb23e6fb65f248c9d0520896a62cba5e3542763ba6d9f63cf389,d09f0935138115a9476a1a9ddbfeef2705f6f2acda4474432b0e1ef59db45898,8,lexicographic,0,49731656,300000,30.0,True,solved,0.07077510003000498,185,165,165,4208,3426,78,11,0,0.0,dbdbdec4c71ea29469cf11109b8a7dc888f3e14949a00e0feb21f8da631a1cce,True
d12-c0-h10-s21470817,12,0,21470817,10,2,2958c32416b0bb23e6fb65f248c9d0520896a62cba5e3542763ba6d9f63cf389,d09f0935138115a9476a1a9ddbfeef2705f6f2acda4474432b0e1ef59db45898,8,minimum_max_pressure,0,49731656,300000,30.0,False,time_budget,30.001130699994974,42144,42132,42132,1532024,1282428,207159,4817,8667,0.1134960922645405,,False
d12-c0-h10-s21470817,12,0,21470817,10,2,2958c32416b0bb23e6fb65f248c9d0520896a62cba5e3542763ba6d9f63cf389,d09f0935138115a9476a1a9ddbfeef2705f6f2acda4474432b0e1ef59db45898,8,random_order,0,49731656,300000,30.0,False,time_budget,30.00010459998157,43220,43214,43214,1627432,1340097,243903,5167,9215,0.09771970345173031,,False
d12-c0-h10-s21470817,12,0,21470817,10,2,2958c32416b0bb23e6fb65f248c9d0520896a62cba5e3542763ba6d9f63cf389,d09f0935138115a9476a1a9ddbfeef2705f6f2acda4474432b0e1ef59db45898,8,all_pair_lexicographic,1,59731675,300000,30.0,True,solved,1.1169272999977693,1405,1385,1385,51912,46556,3446,164,323,0.02495089964941144,7d0ff23ce796bc6e593c71c4f757d6bac4c1f6fa93770af2abc0c4a6b81a4d71,True
d12-c0-h10-s21470817,12,0,21470817,10,2,2958c32416b0bb23e6fb65f248c9d0520896a62cba5e3542763ba6d9f63cf389,d09f0935138115a9476a1a9ddbfeef2705f6f2acda4474432b0e1ef59db45898,8,all_pair_product,1,59731675,300000,30.0,False,time_budget,30.001874099951237,35620,35614,35614,1573824,1254943,282961,5196,8840,0.46214460337068886,,False
d12-c0-h10-s21470817,12,0,21470817,10,2,2958c32416b0bb23e6fb65f248c9d0520896a62cba5e3542763ba6d9f63cf389,d09f0935138115a9476a1a9ddbfeef2705f6f2acda4474432b0e1ef59db45898,8,balance_only,1,59731675,300000,30.0,False,time_budget,30.000631299917586,35490,35482,35482,1595848,1269059,291023,5289,8945,0.17513379955198616,,False
d12-c0-h10-s21470817,12,0,21470817,10,2,2958c32416b0bb23e6fb65f248c9d0520896a62cba5e3542763ba6d9f63cf389,d09f0935138115a9476a1a9ddbfeef2705f6f2acda4474432b0e1ef59db45898,8,lexicographic,1,59731675,300000,30.0,True,solved,0.06884379999246448,185,165,165,4208,3426,78,11,0,0.0,dbdbdec4c71ea29469cf11109b8a7dc888f3e14949a00e0feb21f8da631a1cce,True
d12-c0-h10-s21470817,12,0,21470817,10,2,2958c32416b0bb23e6fb65f248c9d0520896a62cba5e3542763ba6d9f63cf389,d09f0935138115a9476a1a9ddbfeef2705f6f2acda4474432b0e1ef59db45898,8,minimum_max_pressure,1,59731675,300000,30.0,False,time_budget,30.003759199986234,39696,39686,39686,1541208,1252950,248310,4933,8674,0.11123049713205546,,False
d12-c0-h10-s21470817,12,0,21470817,10,2,2958c32416b0bb23e6fb65f248c9d0520896a62cba5e3542763ba6d9f63cf389,d09f0935138115a9476a1a9ddbfeef2705f6f2acda4474432b0e1ef59db45898,8,random_order,1,59731675,300000,30.0,False,time_budget,30.00181409996003,41312,41298,41298,1633248,1312638,279018,5252,9193,0.09753399481996894,,False
d12-c0-h10-s21470817,12,0,21470817,10,2,2958c32416b0bb23e6fb65f248c9d0520896a62cba5e3542763ba6d9f63cf389,d09f0935138115a9476a1a9ddbfeef2705f6f2acda4474432b0e1ef59db45898,8,all_pair_lexicographic,2,69731694,300000,30.0,True,solved,1.2524478000123054,1405,1385,1385,51912,46556,3446,164,323,0.02730840095318854,7d0ff23ce796bc6e593c71c4f757d6bac4c1f6fa93770af2abc0c4a6b81a4d71,True
d12-c0-h10-s21470817,12,0,21470817,10,2,2958c32416b0bb23e6fb65f248c9d0520896a62cba5e3542763ba6d9f63cf389,d09f0935138115a9476a1a9ddbfeef2705f6f2acda4474432b0e1ef59db45898,8,all_pair_product,2,69731694,300000,30.0,False,time_budget,30.00148880004417,37012,37006,37006,1497664,1253941,206445,4844,8278,0.4925257000140846,,False
d12-c0-h10-s21470817,12,0,21470817,10,2,2958c32416b0bb23e6fb65f248c9d0520896a62cba5e3542763ba6d9f63cf389,d09f0935138115a9476a1a9ddbfeef2705f6f2acda4474432b0e1ef59db45898,8,balance_only,2,69731694,300000,30.0,False,time_budget,30.00012910005171,36551,36543,36543,1488520,1244069,207574,4822,8257,0.17089800804387778,,False
d12-c0-h10-s21470817,12,0,21470817,10,2,2958c32416b0bb23e6fb65f248c9d0520896a62cba5e3542763ba6d9f63cf389,d09f0935138115a9476a1a9ddbfeef2705f6f2acda4474432b0e1ef59db45898,8,lexicographic,2,69731694,300000,30.0,True,solved,0.08233610005117953,185,165,165,4208,3426,78,11,0,0.0,dbdbdec4c71ea29469cf11109b8a7dc888f3e14949a00e0feb21f8da631a1cce,True
d12-c0-h10-s21470817,12,0,21470817,10,2,2958c32416b0bb23e6fb65f248c9d0520896a62cba5e3542763ba6d9f63cf389,d09f0935138115a9476a1a9ddbfeef2705f6f2acda4474432b0e1ef59db45898,8,minimum_max_pressure,2,69731694,300000,30.0,False,time_budget,30.00011290004477,42188,42180,42180,1547256,1289145,215615,4877,8792,0.11079750896897167,,False
d12-c0-h10-s21470817,12,0,21470817,10,2,2958c32416b0bb23e6fb65f248c9d0520896a62cba5e3542763ba6d9f63cf389,d09f0935138115a9476a1a9ddbfeef2705f6f2acda4474432b0e1ef59db45898,8,random_order,2,69731694,300000,30.0,False,time_budget,30.001253900001757,40478,40472,40472,1482736,1236041,205943,4672,8426,0.09602059086319059,,False
d12-c0-h10-s21470818,12,0,21470818,10,2,e60a0532a572e1150882ccee7932a43ad5a859d1249d8962b0036eb8d0fd39c5,28236073c93149fb708f8194c3ed11c3c0a181cd5717f81bb65e0829762fc5ad,8,all_pair_lexicographic,0,49731657,300000,30.0,True,solved,1.3250538000138476,1385,1365,1365,54976,49491,3585,177,346,0.030330401030369103,8f46ee14b4d346007221933c587b913b15c38796091676157dea8545dc3e05f5,True
d12-c0-h10-s21470818,12,0,21470818,10,2,e60a0532a572e1150882ccee7932a43ad5a859d1249d8962b0036eb8d0fd39c5,28236073c93149fb708f8194c3ed11c3c0a181cd5717f81bb65e0829762fc5ad,8,all_pair_product,0,49731657,300000,30.0,False,time_budget,30.003014000016265,37895,37885,37885,1567720,1287104,242407,5098,8981,0.48356290243100375,,False
d12-c0-h10-s21470818,12,0,21470818,10,2,e60a0532a572e1150882ccee7932a43ad5a859d1249d8962b0036eb8d0fd39c5,28236073c93149fb708f8194c3ed11c3c0a181cd5717f81bb65e0829762fc5ad,8,balance_only,0,49731657,300000,30.0,False,time_budget,30.000355700030923,37891,37881,37881,1579096,1285611,255308,5144,8984,0.1803173943189904,,False
d12-c0-h10-s21470818,12,0,21470818,10,2,e60a0532a572e1150882ccee7932a43ad5a859d1249d8962b0036eb8d0fd39c5,28236073c93149fb708f8194c3ed11c3c0a181cd5717f81bb65e0829762fc5ad,8,lexicographic,0,49731657,300000,30.0,True,solved,0.07185639999806881,75,55,55,3080,2407,66,10,0,0.0,9bb69c469f759aae8cf33760211dcf3c61b5a794e039abcd2776c63feddad197,True
d12-c0-h10-s21470818,12,0,21470818,10,2,e60a0532a572e1150882ccee7932a43ad5a859d1249d8962b0036eb8d0fd39c5,28236073c93149fb708f8194c3ed11c3c0a181cd5717f81bb65e0829762fc5ad,8,minimum_max_pressure,0,49731657,300000,30.0,False,time_budget,30.002363799954765,39464,39458,39458,1647728,1337418,270559,5370,9400,0.11152060772292316,,False
d12-c0-h10-s21470818,12,0,21470818,10,2,e60a0532a572e1150882ccee7932a43ad5a859d1249d8962b0036eb8d0fd39c5,28236073c93149fb708f8194c3ed11c3c0a181cd5717f81bb65e0829762fc5ad,8,random_order,0,49731657,300000,30.0,False,time_budget,30.003005400067195,38831,38823,38823,1633240,1316069,278066,5332,9317,0.09618640784174204,,False
d12-c0-h10-s21470818,12,0,21470818,10,2,e60a0532a572e1150882ccee7932a43ad5a859d1249d8962b0036eb8d0fd39c5,28236073c93149fb708f8194c3ed11c3c0a181cd5717f81bb65e0829762fc5ad,8,all_pair_lexicographic,1,59731676,300000,30.0,True,solved,1.1469973999774083,1385,1365,1365,54976,49491,3585,177,346,0.025228098733350635,8f46ee14b4d346007221933c587b913b15c38796091676157dea8545dc3e05f5,True
d12-c0-h10-s21470818,12,0,21470818,10,2,e60a0532a572e1150882ccee7932a43ad5a859d1249d8962b0036eb8d0fd39c5,28236073c93149fb708f8194c3ed11c3c0a181cd5717f81bb65e0829762fc5ad,8,all_pair_product,1,59731676,300000,30.0,True,solved,16.42715899995528,23056,23036,23036,1021944,814989,183379,3377,5601,0.25377560150809586,9182ec8d8607636a3abe17fd231261661f536086b1e646ebeace1c331b1026c0,True
d12-c0-h10-s21470818,12,0,21470818,10,2,e60a0532a572e1150882ccee7932a43ad5a859d1249d8962b0036eb8d0fd39c5,28236073c93149fb708f8194c3ed11c3c0a181cd5717f81bb65e0829762fc5ad,8,balance_only,1,59731676,300000,30.0,False,time_budget,30.001314799999818,38888,38878,38878,1605672,1382593,183805,5219,8708,0.1615521040512249,,False
d12-c0-h10-s21470818,12,0,21470818,10,2,e60a0532a572e1150882ccee7932a43ad5a859d1249d8962b0036eb8d0fd39c5,28236073c93149fb708f8194c3ed11c3c0a181cd5717f81bb65e0829762fc5ad,8,lexicographic,1,59731676,300000,30.0,True,solved,0.06403070001397282,75,55,55,3080,2407,66,10,0,0.0,9bb69c469f759aae8cf33760211dcf3c61b5a794e039abcd2776c63feddad197,True
d12-c0-h10-s21470818,12,0,21470818,10,2,e60a0532a572e1150882ccee7932a43ad5a859d1249d8962b0036eb8d0fd39c5,28236073c93149fb708f8194c3ed11c3c0a181cd5717f81bb65e0829762fc5ad,8,minimum_max_pressure,1,59731676,300000,30.0,False,time_budget,30.000439000083134,46600,46588,46588,1904952,1528779,329247,6177,10497,0.11104630306363106,,False
d12-c0-h10-s21470818,12,0,21470818,10,2,e60a0532a572e1150882ccee7932a43ad5a859d1249d8962b0036eb8d0fd39c5,28236073c93149fb708f8194c3ed11c3c0a181cd5717f81bb65e0829762fc5ad,8,random_order,1,59731676,300000,30.0,False,time_budget,30.000098300050013,39553,39547,39547,1632072,1395352,196911,5304,8778,0.08692430565133691,,False
d12-c0-h10-s21470818,12,0,21470818,10,2,e60a0532a572e1150882ccee7932a43ad5a859d1249d8962b0036eb8d0fd39c5,28236073c93149fb708f8194c3ed11c3c0a181cd5717f81bb65e0829762fc5ad,8,all_pair_lexicographic,2,69731695,300000,30.0,True,solved,1.0830420999554917,1385,1365,1365,54976,49491,3585,177,346,0.023760399781167507,8f46ee14b4d346007221933c587b913b15c38796091676157dea8545dc3e05f5,True
d12-c0-h10-s21470818,12,0,21470818,10,2,e60a0532a572e1150882ccee7932a43ad5a859d1249d8962b0036eb8d0fd39c5,28236073c93149fb708f8194c3ed11c3c0a181cd5717f81bb65e0829762fc5ad,8,all_pair_product,2,69731695,300000,30.0,False,time_budget,30.001393499900587,41882,41872,41872,1717416,1437560,237673,5573,9546,0.4753270937362686,,False
d12-c0-h10-s21470818,12,0,21470818,10,2,e60a0532a572e1150882ccee7932a43ad5a859d1249d8962b0036eb8d0fd39c5,28236073c93149fb708f8194c3ed11c3c0a181cd5717f81bb65e0829762fc5ad,8,balance_only,2,69731695,300000,30.0,False,time_budget,30.00522439996712,42927,42917,42917,1766696,1469296,254212,5738,9829,0.1730904910946265,,False
d12-c0-h10-s21470818,12,0,21470818,10,2,e60a0532a572e1150882ccee7932a43ad5a859d1249d8962b0036eb8d0fd39c5,28236073c93149fb708f8194c3ed11c3c0a181cd5717f81bb65e0829762fc5ad,8,lexicographic,2,69731695,300000,30.0,True,solved,0.06043950002640486,75,55,55,3080,2407,66,10,0,0.0,9bb69c469f759aae8cf33760211dcf3c61b5a794e039abcd2776c63feddad197,True
d12-c0-h10-s21470818,12,0,21470818,10,2,e60a0532a572e1150882ccee7932a43ad5a859d1249d8962b0036eb8d0fd39c5,28236073c93149fb708f8194c3ed11c3c0a181cd5717f81bb65e0829762fc5ad,8,minimum_max_pressure,2,69731695,300000,30.0,False,time_budget,30.000124000012875,42224,42216,42216,1720400,1441798,236154,5574,9672,0.10651619860436767,,False
d12-c0-h10-s21470818,12,0,21470818,10,2,e60a0532a572e1150882ccee7932a43ad5a859d1249d8962b0036eb8d0fd39c5,28236073c93149fb708f8194c3ed11c3c0a181cd5717f81bb65e0829762fc5ad,8,random_order,2,69731695,300000,30.0,False,time_budget,30.00334199995268,46534,46524,46524,1789352,1479744,262795,5713,10031,0.09461050701793283,,False
d12-c0-h10-s21470819,12,0,21470819,10,2,9a890580af704ab168ba4b99b67d78ca914e919f4e77a587215d3fe61bb12edc,b395f83b6b3fddbb9b632c89f608ca0d66a4798d0bbeb7f5142a8de1f5642a34,8,all_pair_lexicographic,0,49731658,300000,30.0,True,solved,0.11909619998186827,88,68,68,5416,4638,133,19,33,0.005482899956405163,5c166c18a151abd9f44c108294eab41aa8b8bccd1051a89262283a4de5f03b7c,True
d12-c0-h10-s21470819,12,0,21470819,10,2,9a890580af704ab168ba4b99b67d78ca914e919f4e77a587215d3fe61bb12edc,b395f83b6b3fddbb9b632c89f608ca0d66a4798d0bbeb7f5142a8de1f5642a34,8,all_pair_product,0,49731658,300000,30.0,False,time_budget,30.007168699987233,43209,43201,43201,1832688,1482557,306652,5995,10076,0.4673033985309303,,False
d12-c0-h10-s21470819,12,0,21470819,10,2,9a890580af704ab168ba4b99b67d78ca914e919f4e77a587215d3fe61bb12edc,b395f83b6b3fddbb9b632c89f608ca0d66a4798d0bbeb7f5142a8de1f5642a34,8,balance_only,0,49731658,300000,30.0,True,solved,0.2607109999516979,284,264,264,14920,12174,1941,51,88,0.0021428000181913376,8c14c5af72ba080f8011ec44b9c2d2bdf07593045428c4f68c9d5185cd9526d2,True
d12-c0-h10-s21470819,12,0,21470819,10,2,9a890580af704ab168ba4b99b67d78ca914e919f4e77a587215d3fe61bb12edc,b395f83b6b3fddbb9b632c89f608ca0d66a4798d0bbeb7f5142a8de1f5642a34,8,lexicographic,0,49731658,300000,30.0,True,solved,0.07595850003417581,74,54,54,3072,2402,45,10,0,0.0,3445ed92c4101e4c5018c5d11bbd1e905062e1d005e1891aa3756da81850bc71,True
d12-c0-h10-s21470819,12,0,21470819,10,2,9a890580af704ab168ba4b99b67d78ca914e919f4e77a587215d3fe61bb12edc,b395f83b6b3fddbb9b632c89f608ca0d66a4798d0bbeb7f5142a8de1f5642a34,8,minimum_max_pressure,0,49731658,300000,30.0,False,time_budget,30.0022041000193,45539,45531,45531,1950032,1562390,341884,6393,10847,0.10784090671222657,,False
d12-c0-h10-s21470819,12,0,21470819,10,2,9a890580af704ab168ba4b99b67d78ca914e919f4e77a587215d3fe61bb12edc,b395f83b6b3fddbb9b632c89f608ca0d66a4798d0bbeb7f5142a8de1f5642a34,8,random_order,0,49731658,300000,30.0,False,time_budget,30.00413799996022,41761,41749,41749,1718184,1432931,243203,5580,8878,0.08589350164402276,,False
d12-c0-h10-s21470819,12,0,21470819,10,2,9a890580af704ab168ba4b99b67d78ca914e919f4e77a587215d3fe61bb12edc,b395f83b6b3fddbb9b632c89f608ca0d66a4798d0bbeb7f5142a8de1f5642a34,8,all_pair_lexicographic,1,59731677,300000,30.0,True,solved,0.11684120004065335,88,68,68,5416,4638,133,19,33,0.00532859971281141,5c166c18a151abd9f44c108294eab41aa8b8bccd1051a89262283a4de5f03b7c,True
d12-c0-h10-s21470819,12,0,21470819,10,2,9a890580af704ab168ba4b99b67d78ca914e919f4e77a587215d3fe61bb12edc,b395f83b6b3fddbb9b632c89f608ca0d66a4798d0bbeb7f5142a8de1f5642a34,8,all_pair_product,1,59731677,300000,30.0,False,time_budget,30.002986900042742,46606,46600,46600,1924096,1567623,309601,6254,10549,0.4748924992745742,,False
d12-c0-h10-s21470819,12,0,21470819,10,2,9a890580af704ab168ba4b99b67d78ca914e919f4e77a587215d3fe61bb12edc,b395f83b6b3fddbb9b632c89f608ca0d66a4798d0bbeb7f5142a8de1f5642a34,8,balance_only,1,59731677,300000,30.0,False,time_budget,30.000070000067353,47345,47337,47337,1894792,1569873,277319,6112,10497,0.17381650453899056,,False
d12-c0-h10-s21470819,12,0,21470819,10,2,9a890580af704ab168ba4b99b67d78ca914e919f4e77a587215d3fe61bb12edc,b395f83b6b3fddbb9b632c89f608ca0d66a4798d0bbeb7f5142a8de1f5642a34,8,lexicographic,1,59731677,300000,30.0,True,solved,0.06312140007503331,74,54,54,3072,2402,45,10,0,0.0,3445ed92c4101e4c5018c5d11bbd1e905062e1d005e1891aa3756da81850bc71,True
d12-c0-h10-s21470819,12,0,21470819,10,2,9a890580af704ab168ba4b99b67d78ca914e919f4e77a587215d3fe61bb12edc,b395f83b6b3fddbb9b632c89f608ca0d66a4798d0bbeb7f5142a8de1f5642a34,8,minimum_max_pressure,1,59731677,300000,30.0,False,time_budget,30.001665999996476,47757,47747,47747,1760696,1527759,184838,5558,9670,0.1024523030500859,,False
d12-c0-h10-s21470819,12,0,21470819,10,2,9a890580af704ab168ba4b99b67d78ca914e919f4e77a587215d3fe61bb12edc,b395f83b6b3fddbb9b632c89f608ca0d66a4798d0bbeb7f5142a8de1f5642a34,8,random_order,1,59731677,300000,30.0,False,time_budget,30.002651699935086,47288,47274,47274,1808280,1530061,230554,5765,9901,0.08916570956353098,,False
d12-c0-h10-s21470819,12,0,21470819,10,2,9a890580af704ab168ba4b99b67d78ca914e919f4e77a587215d3fe61bb12edc,b395f83b6b3fddbb9b632c89f608ca0d66a4798d0bbeb7f5142a8de1f5642a34,8,all_pair_lexicographic,2,69731696,300000,30.0,True,solved,0.12074009992647916,88,68,68,5416,4638,133,19,33,0.005382000119425356,5c166c18a151abd9f44c108294eab41aa8b8bccd1051a89262283a4de5f03b7c,True
d12-c0-h10-s21470819,12,0,21470819,10,2,9a890580af704ab168ba4b99b67d78ca914e919f4e77a587215d3fe61bb12edc,b395f83b6b3fddbb9b632c89f608ca0d66a4798d0bbeb7f5142a8de1f5642a34,8,all_pair_product,2,69731696,300000,30.0,True,solved,1.5922221000073478,2059,2039,2039,81448,71972,6865,262,480,0.02925910148769617,11613fa15cff7db6cde9069059a528259700967502b043851733344fd11b614c,True
d12-c0-h10-s21470819,12,0,21470819,10,2,9a890580af704ab168ba4b99b67d78ca914e919f4e77a587215d3fe61bb12edc,b395f83b6b3fddbb9b632c89f608ca0d66a4798d0bbeb7f5142a8de1f5642a34,8,balance_only,2,69731696,300000,30.0,True,solved,1.53265199996531,1896,1876,1876,74192,65828,5997,238,423,0.008856199099682271,1014b953af5a1b9eb971f03b2c6932a602c48edbef330f79e251a674e4139157,True
d12-c0-h10-s21470819,12,0,21470819,10,2,9a890580af704ab168ba4b99b67d78ca914e919f4e77a587215d3fe61bb12edc,b395f83b6b3fddbb9b632c89f608ca0d66a4798d0bbeb7f5142a8de1f5642a34,8,lexicographic,2,69731696,300000,30.0,True,solved,0.058362300042063,74,54,54,3072,2402,45,10,0,0.0,3445ed92c4101e4c5018c5d11bbd1e905062e1d005e1891aa3756da81850bc71,True
d12-c0-h10-s21470819,12,0,21470819,10,2,9a890580af704ab168ba4b99b67d78ca914e919f4e77a587215d3fe61bb12edc,b395f83b6b3fddbb9b632c89f608ca0d66a4798d0bbeb7f5142a8de1f5642a34,8,minimum_max_pressure,2,69731696,300000,30.0,True,solved,1.9404259000439197,2509,2489,2489,98936,87490,8466,318,582,0.006972900591790676,11613fa15cff7db6cde9069059a528259700967502b043851733344fd11b614c,True
d12-c0-h10-s21470819,12,0,21470819,10,2,9a890580af704ab168ba4b99b67d78ca914e919f4e77a587215d3fe61bb12edc,b395f83b6b3fddbb9b632c89f608ca0d66a4798d0bbeb7f5142a8de1f5642a34,8,random_order,2,69731696,300000,30.0,True,solved,17.432217100053094,25033,25013,25013,1049664,860139,164009,3425,6035,0.054995806072838604,11613fa15cff7db6cde9069059a528259700967502b043851733344fd11b614c,True
